submission_date,tot_cases,conf_cases,prob_cases,new_case,pnew_case,tot_death,conf_death,prob_death,new_death,pnew_death
2020-01-01,0,0.0,0.0,0,0.0,0,0.0,0.0,0,0.0
2020-01-02,0,0.0,0.0,0,0.0,0,0.0,0.0,0,0.0
2020-01-03,0,0.0,0.0,0,0.0,0,0.0,0.0,0,0.0
2020-01-04,0,0.0,0.0,0,0.0,0,0.0,0.0,0,0.0
2020-01-05,0,0.0,0.0,0,0.0,0,0.0,0.0,0,0.0
2020-01-06,0,0.0,0.0,0,0.0,0,0.0,0.0,0,0.0
2020-01-07,0,0.0,0.0,0,0.0,0,0.0,0.0,0,0.0
2020-01-08,0,0.0,0.0,0,0.0,0,0.0,0.0,0,0.0
2020-01-09,0,0.0,0.0,0,0.0,0,0.0,0.0,0,0.0
2020-01-10,0,0.0,0.0,0,0.0,0,0.0,0.0,0,0.0
2020-01-11,0,0.0,0.0,0,0.0,0,0.0,0.0,0,0.0
2020-01-12,0,0.0,0.0,0,0.0,0,0.0,0.0,0,0.0
2020-01-13,0,0.0,0.0,0,0.0,0,0.0,0.0,0,0.0
2020-01-14,0,0.0,0.0,0,0.0,0,0.0,0.0,0,0.0
2020-01-15,0,0.0,0.0,0,0.0,0,0.0,0.0,0,0.0
2020-01-16,0,0.0,0.0,0,0.0,0,0.0,0.0,0,0.0
2020-01-17,0,0.0,0.0,0,0.0,0,0.0,0.0,0,0.0
2020-01-18,0,0.0,0.0,0,0.0,0,0.0,0.0,0,0.0
2020-01-19,0,0.0,0.0,0,0.0,0,0.0,0.0,0,0.0
2020-01-20,0,0.0,0.0,0,0.0,0,0.0,0.0,0,0.0
2020-01-21,0,0.0,0.0,0,0.0,0,0.0,0.0,0,0.0
2020-01-22,0,0.0,0.0,0,0.0,0,0.0,0.0,0,0.0
2020-01-23,1,0.0,0.0,1,0.0,0,0.0,0.0,0,0.0
2020-01-24,2,0.0,0.0,1,0.0,0,0.0,0.0,0,0.0
2020-01-25,2,0.0,0.0,0,0.0,0,0.0,0.0,0,0.0
2020-01-26,3,0.0,0.0,1,0.0,0,0.0,0.0,0,0.0
2020-01-27,3,0.0,0.0,0,0.0,0,0.0,0.0,0,0.0
2020-01-28,3,0.0,0.0,0,0.0,0,0.0,0.0,0,0.0
2020-01-29,3,0.0,0.0,0,0.0,0,0.0,0.0,0,0.0
2020-01-30,3,0.0,0.0,0,0.0,0,0.0,0.0,0,0.0
2020-01-31,4,0.0,0.0,1,0.0,0,0.0,0.0,0,0.0
2020-02-01,5,0.0,0.0,1,0.0,0,0.0,0.0,0,0.0
2020-02-02,8,3.0,0.0,3,0.0,0,0.0,0.0,0,0.0
2020-02-03,11,6.0,0.0,3,0.0,0,0.0,0.0,0,0.0
2020-02-04,11,6.0,0.0,0,0.0,0,0.0,0.0,0,0.0
2020-02-05,11,6.0,0.0,0,0.0,0,0.0,0.0,0,0.0
2020-02-06,11,6.0,0.0,0,0.0,0,0.0,0.0,0,0.0
2020-02-07,12,6.0,0.0,1,0.0,0,0.0,0.0,0,0.0
2020-02-08,12,6.0,0.0,0,0.0,0,0.0,0.0,0,0.0
2020-02-09,12,6.0,0.0,0,0.0,0,0.0,0.0,0,0.0
2020-02-10,12,6.0,0.0,0,0.0,0,0.0,0.0,0,0.0
2020-02-11,12,6.0,0.0,0,0.0,0,0.0,0.0,0,0.0
2020-02-12,13,7.0,0.0,1,0.0,0,0.0,0.0,0,0.0
2020-02-13,14,8.0,0.0,1,0.0,0,0.0,0.0,0,0.0
2020-02-14,14,8.0,0.0,0,0.0,0,0.0,0.0,0,0.0
2020-02-15,14,8.0,0.0,0,0.0,0,0.0,0.0,0,0.0
2020-02-16,14,8.0,0.0,0,0.0,0,0.0,0.0,0,0.0
2020-02-17,16,8.0,0.0,2,0.0,0,0.0,0.0,0,0.0
2020-02-18,21,13.0,0.0,5,0.0,0,0.0,0.0,0,0.0
2020-02-19,24,15.0,0.0,3,0.0,0,0.0,0.0,0,0.0
2020-02-20,25,15.0,0.0,1,0.0,0,0.0,0.0,0,0.0
2020-02-21,30,17.0,0.0,5,0.0,0,0.0,0.0,0,0.0
2020-02-22,36,21.0,0.0,6,0.0,0,0.0,0.0,0,0.0
2020-02-23,36,21.0,0.0,0,0.0,0,0.0,0.0,0,0.0
2020-02-24,40,25.0,0.0,4,0.0,0,0.0,0.0,0,0.0
2020-02-25,44,25.0,0.0,4,0.0,0,0.0,0.0,0,0.0
2020-02-26,52,31.0,0.0,8,0.0,0,0.0,0.0,0,0.0
2020-02-27,57,33.0,0.0,5,0.0,1,0.0,1.0,1,1.0
2020-02-28,61,33.0,0.0,4,0.0,1,0.0,1.0,0,0.0
2020-02-29,70,36.0,0.0,9,0.0,2,0.0,1.0,1,0.0
2020-03-01,88,50.0,0.0,18,0.0,2,0.0,1.0,0,0.0
2020-03-02,124,71.0,0.0,36,0.0,8,0.0,2.0,6,1.0
2020-03-03,175,100.0,0.0,51,0.0,11,0.0,2.0,3,0.0
2020-03-04,245,140.0,2.0,70,2.0,15,1.0,2.0,4,1.0
2020-03-05,323,168.0,3.0,83,1.0,18,2.0,3.0,3,1.0
2020-03-06,453,251.0,4.0,130,1.0,21,3.0,3.0,3,0.0
2020-03-07,599,337.0,6.0,146,2.0,26,3.0,3.0,5,0.0
2020-03-08,813,457.0,8.0,214,2.0,30,5.0,3.0,4,0.0
2020-03-09,1203,655.0,9.0,390,1.0,34,6.0,3.0,4,0.0
2020-03-10,1701,909.0,12.0,498,3.0,41,8.0,3.0,7,0.0
2020-03-11,2231,1246.0,13.0,530,1.0,53,14.0,3.0,12,0.0
2020-03-12,2965,1720.0,16.0,734,3.0,60,16.0,4.0,7,1.0
2020-03-13,3916,2391.0,28.0,951,12.0,71,21.0,4.0,11,0.0
2020-03-14,5134,3312.0,36.0,1218,8.0,84,29.0,4.0,14,0.0
2020-03-15,7310,4677.0,47.0,2176,11.0,104,37.0,5.0,20,1.0
2020-03-16,9656,6340.0,66.0,2346,19.0,125,53.0,6.0,21,1.0
2020-03-17,12855,8511.0,88.0,3199,22.0,152,66.0,6.0,27,0.0
2020-03-18,17747,11969.0,117.0,4892,29.0,216,91.0,7.0,64,1.0
2020-03-19,23868,15861.0,167.0,6121,50.0,285,123.0,11.0,69,4.0
2020-03-20,31415,20776.0,229.0,7547,62.0,377,166.0,16.0,92,5.0
2020-03-21,40537,26278.0,277.0,9122,48.0,489,220.0,21.0,112,5.0
2020-03-22,51395,32174.0,321.0,10858,44.0,612,294.0,24.0,123,3.0
2020-03-23,62087,37296.0,387.0,10692,66.0,773,386.0,30.0,161,6.0
2020-03-24,73489,42477.0,452.0,11402,65.0,985,485.0,37.0,212,7.0
2020-03-25,87572,49216.0,518.0,14083,66.0,1286,636.0,52.0,301,15.0
2020-03-26,106110,57195.0,595.0,18538,77.0,1624,824.0,70.0,338,18.0
2020-03-27,126329,66257.0,676.0,20219,81.0,2109,1060.0,93.0,485,23.0
2020-03-28,147136,75148.0,809.0,20807,134.0,2669,1417.0,138.0,575,45.0
2020-03-29,173426,89030.0,910.0,26290,102.0,3337,1889.0,188.0,668,50.0
2020-03-30,188730,91471.0,1058.0,20107,149.0,3963,2218.0,247.0,726,59.0
2020-03-31,212461,100818.0,1212.0,23731,154.0,4953,2748.0,315.0,990,68.0
2020-04-01,240878,112790.0,1424.0,28417,213.0,6076,3335.0,406.0,1123,91.0
2020-04-02,270891,124070.0,1610.0,30013,186.0,7387,3991.0,496.0,1311,90.0
2020-04-03,302644,135926.0,1824.0,31753,214.0,8760,4726.0,604.0,1373,109.0
2020-04-04,335174,147749.0,2094.0,32530,270.0,10308,5506.0,784.0,1548,180.0
2020-04-05,362212,158954.0,2362.0,27038,268.0,12179,6324.0,966.0,1871,182.0
2020-04-06,390846,168776.0,2669.0,28634,307.0,13878,7165.0,1165.0,1699,199.0
2020-04-07,420018,179948.0,3004.0,29172,335.0,15978,8141.0,1355.0,2100,190.0
2020-04-08,454266,193461.0,3366.0,34248,362.0,18222,9156.0,1592.0,2244,237.0
2020-04-09,489099,206483.0,3713.0,34833,347.0,20438,10227.0,1830.0,2216,238.0
2020-04-10,521762,218749.0,4034.0,32663,321.0,22675,11293.0,2040.0,2237,210.0
2020-04-11,553923,229704.0,4360.0,32161,326.0,24879,12301.0,2251.0,2204,211.0
2020-04-12,581077,239293.0,4641.0,27154,281.0,26740,13273.0,2451.0,1861,200.0
2020-04-13,606026,255862.0,5120.0,24950,483.0,28635,14267.0,2648.0,1895,197.0
2020-04-14,631176,264420.0,5482.0,25150,362.0,31106,15302.0,2853.0,2471,205.0
2020-04-15,656358,275298.0,5920.0,25283,438.0,33809,16856.0,3063.0,2703,210.0
2020-04-16,688065,310094.0,6317.0,31707,400.0,36263,18972.0,3438.0,2454,381.0
2020-04-17,718368,298161.0,6574.0,30303,342.0,38585,19019.0,3371.0,2322,130.0
2020-04-18,746067,309084.0,6885.0,27699,390.0,40461,20005.0,3505.0,1876,150.0
2020-04-19,772987,521681.0,7212.0,26921,329.0,42465,30289.0,3824.0,2005,330.0
2020-04-20,799011,536595.0,8914.0,26024,1704.0,44521,30813.0,4126.0,2056,308.0
2020-04-21,824239,556533.0,9321.0,25228,407.0,47179,33383.0,4300.0,2658,461.0
2020-04-22,855382,580439.0,9695.0,31143,636.0,49430,35070.0,4477.0,2252,183.0
2020-04-23,888381,604665.0,8953.0,32999,426.0,51432,37146.0,4258.0,2203,147.0
2020-04-24,923281,629544.0,9487.0,34900,534.0,53512,38647.0,4441.0,2081,201.0
2020-04-25,956143,649551.0,9867.0,32862,380.0,55374,40042.0,4523.0,1868,98.0
2020-04-26,982725,666693.0,11532.0,26582,1725.0,56926,40728.0,5092.0,1552,607.0
2020-04-27,1006889,684233.0,10413.0,24164,300.0,58439,42371.0,4652.0,1514,71.0
2020-04-28,1030474,585778.0,12352.0,23585,1940.0,60545,43437.0,5282.0,2107,632.0
2020-04-29,1057506,601936.0,12754.0,27032,409.0,62959,44944.0,5413.0,2453,133.0
2020-04-30,1088941,622049.0,13284.0,31435,530.0,65186,46624.0,5476.0,2227,82.0
2020-05-01,1121077,642372.0,12050.0,32136,350.0,67113,48719.0,4953.0,1927,56.0
2020-05-02,1149469,659012.0,12200.0,28392,194.0,68719,49927.0,4996.0,1626,43.0
2020-05-03,1176258,672597.0,14222.0,26789,2068.0,70152,50328.0,5706.0,1433,751.0
2020-05-04,1197799,685653.0,14521.0,21545,423.0,71394,51129.0,5811.0,1242,191.0
2020-05-05,1220661,699004.0,14971.0,22863,461.0,73827,52628.0,5897.0,2433,88.0
2020-05-06,1246069,716397.0,13698.0,25408,503.0,76162,54707.0,5276.0,2356,72.0
2020-05-07,1275593,732147.0,16159.0,29528,2545.0,78260,55406.0,6074.0,2098,847.0
2020-05-08,1303915,752264.0,14689.0,28323,421.0,79863,57252.0,5369.0,1605,52.0
2020-05-09,1329770,765636.0,16949.0,25855,2378.0,81354,57552.0,6207.0,1491,842.0
2020-05-10,1351384,779956.0,17147.0,21614,331.0,82435,58379.0,6193.0,1081,45.0
2020-05-11,1371182,791264.0,17954.0,19798,852.0,83502,59188.0,6201.0,1067,25.0
2020-05-12,1395378,806983.0,18549.0,24196,611.0,85032,60297.0,6257.0,1531,57.0
2020-05-13,1412832,816159.0,19015.0,20856,554.0,86536,61291.0,6325.0,1608,77.0
2020-05-14,1447269,839647.0,19595.0,34437,612.0,88469,62640.0,6402.0,1936,79.0
2020-05-15,1474145,857912.0,20223.0,26876,653.0,90011,63738.0,6456.0,1542,70.0
2020-05-16,1499956,872430.0,20698.0,25811,568.0,91236,64600.0,6517.0,1230,65.0
2020-05-17,1519973,884776.0,21006.0,20017,396.0,92162,65280.0,6542.0,926,61.0
2020-05-18,1543089,899331.0,21421.0,23116,492.0,93128,65976.0,6641.0,966,99.0
2020-05-19,1564795,912217.0,21880.0,21706,493.0,94312,66895.0,6680.0,1190,41.0
2020-05-20,1588823,927460.0,22416.0,24028,567.0,95675,67597.0,6763.0,1517,101.0
2020-05-21,1614626,942191.0,22892.0,25803,503.0,96766,68787.0,6794.0,1440,91.0
2020-05-22,1640647,958986.0,23399.0,26021,549.0,98560,69674.0,6816.0,1804,373.0
2020-05-23,1661861,973348.0,23654.0,21214,279.0,99483,70331.0,6859.0,923,61.0
2020-05-24,1683534,987461.0,23892.0,21673,247.0,100292,70879.0,6897.0,809,54.0
2020-05-25,1703055,999520.0,24051.0,19521,216.0,100973,71370.0,6900.0,681,25.0
2020-05-26,1719874,1010505.0,24637.0,16854,619.0,101804,71908.0,6928.0,847,29.0
2020-05-27,1739672,1023150.0,24759.0,19813,425.0,103092,72792.0,6994.0,1288,137.0
2020-05-28,1763872,1039352.0,23189.0,24200,444.0,104310,74482.0,6187.0,1218,117.0
2020-05-29,1787667,1052470.0,25573.0,23795,2415.0,105349,74398.0,7050.0,1053,913.0
2020-05-30,1811727,1066854.0,25778.0,24060,214.0,106249,75086.0,7070.0,900,34.0
2020-05-31,1833042,1080458.0,26007.0,21315,232.0,106933,75593.0,7089.0,684,40.0
2020-06-01,1850283,994951.0,26315.0,17241,451.0,107627,76044.0,7100.0,711,49.0
2020-06-02,1871088,1006665.0,26923.0,20805,673.0,108566,76667.0,7166.0,941,136.0
2020-06-03,1892112,1019360.0,27064.0,21024,432.0,109594,77463.0,7116.0,1028,30.0
2020-06-04,1912770,1030911.0,27413.0,20658,383.0,110470,78131.0,7135.0,893,23.0
2020-06-05,1937483,1045111.0,28007.0,24713,617.0,111335,78677.0,7210.0,865,123.0
2020-06-06,1961188,1059728.0,27971.0,23705,271.0,112013,79267.0,7153.0,707,21.0
2020-06-07,1978938,1070866.0,28456.0,17750,495.0,112599,79632.0,7231.0,586,89.0
2020-06-08,1997015,1082439.0,29035.0,18077,1028.0,113398,80103.0,7357.0,800,232.0
2020-06-09,2015590,1092862.0,29752.0,18575,839.0,114225,80651.0,7441.0,844,100.0
2020-06-10,2037844,1105807.0,30035.0,22254,435.0,115094,81285.0,7464.0,869,57.0
2020-06-11,2060844,1119591.0,30421.0,23001,431.0,115988,81926.0,7474.0,894,29.0
2020-06-12,2089235,1134899.0,33379.0,28391,3004.0,116719,82436.0,7493.0,745,47.0
2020-06-13,2115647,1150272.0,33696.0,26412,337.0,117403,82918.0,7533.0,684,59.0
2020-06-14,2136162,1163020.0,33827.0,20515,161.0,117891,83262.0,7539.0,505,37.0
2020-06-15,2156836,1175048.0,34251.0,20674,462.0,118428,83620.0,7543.0,537,46.0
2020-06-16,2181616,1188404.0,34512.0,24780,518.0,119097,84058.0,7560.0,688,20.0
2020-06-17,2207482,1202889.0,35167.0,25866,684.0,119775,84527.0,7571.0,683,67.0
2020-06-18,2236128,1219894.0,35363.0,28646,440.0,120430,84964.0,7582.0,655,35.0
2020-06-19,2269355,1239872.0,35884.0,33346,553.0,121174,85497.0,7628.0,744,49.0
2020-06-20,2302679,1258235.0,36318.0,33324,456.0,121746,85887.0,7643.0,573,16.0
2020-06-21,2329925,1274198.0,36732.0,27246,431.0,122164,86172.0,7649.0,418,6.0
2020-06-22,2358703,1291293.0,37112.0,28778,431.0,122660,86481.0,7689.0,496,41.0
2020-06-23,2396586,1311969.0,37661.0,37883,648.0,123397,86945.0,7701.0,737,260.0
2020-06-24,2433823,1436985.0,38436.0,37237,851.0,124088,87412.0,7713.0,691,49.0
2020-06-25,2481007,1460170.0,38729.0,47184,671.0,126632,87880.0,9574.0,720,40.0
2020-06-26,2527555,1484256.0,39499.0,46548,832.0,127338,88354.0,9584.0,706,38.0
2020-06-27,2571000,1507909.0,39857.0,43445,405.0,127914,88744.0,9589.0,585,9.0
2020-06-28,2608547,1529011.0,40410.0,37550,577.0,128352,88969.0,9595.0,440,11.0
2020-06-29,2647239,1551474.0,41159.0,38692,856.0,128827,89204.0,9601.0,475,36.0
2020-06-30,2693898,1577242.0,41747.0,46659,696.0,129468,89586.0,9620.0,648,19.0
2020-07-01,2753218,1610958.0,42273.0,59320,620.0,130250,90087.0,9639.0,782,40.0
2020-07-02,2808801,1640707.0,42444.0,55583,718.0,130954,90485.0,9641.0,704,40.0
2020-07-03,2869186,1674005.0,43399.0,60385,1045.0,131766,90995.0,9668.0,819,37.0
2020-07-04,2918775,1699963.0,43734.0,49589,367.0,132307,91245.0,9681.0,571,25.0
2020-07-05,2958828,1724376.0,43481.0,40053,254.0,132762,91436.0,9682.0,455,82.0
2020-07-06,3009944,1754938.0,44513.0,51116,1180.0,133389,91722.0,9677.0,638,10.0
2020-07-07,3066165,1783511.0,44671.0,56221,818.0,134312,92280.0,9689.0,924,15.0
2020-07-08,3131280,1819195.0,46009.0,65115,1493.0,135402,92804.0,9798.0,1090,145.0
2020-07-09,3193563,1850912.0,46349.0,62283,1038.0,136354,93303.0,9805.0,956,11.0
2020-07-10,3262036,1887601.0,47857.0,68473,1635.0,137306,93843.0,9806.0,952,22.0
2020-07-11,3329674,1921287.0,47610.0,67638,627.0,138193,94298.0,9809.0,887,18.0
2020-07-12,3389450,1952670.0,47809.0,59776,720.0,139028,94692.0,9814.0,848,24.0
2020-07-13,3445684,1984311.0,49566.0,56234,1931.0,139764,94964.0,9836.0,775,23.0
2020-07-14,3510627,2018939.0,49718.0,64943,936.0,140688,95374.0,9846.0,924,38.0
2020-07-15,3582903,2058590.0,50981.0,72276,1447.0,141815,95903.0,9890.0,1127,61.0
2020-07-16,3652802,2095400.0,52065.0,69899,1255.0,142897,96403.0,9905.0,1082,31.0
2020-07-17,3729896,2136944.0,53158.0,77094,2041.0,143989,97069.0,9778.0,1092,24.0
2020-07-18,3797239,2174637.0,53213.0,67343,923.0,144984,97607.0,9756.0,1007,19.0
2020-07-19,3857309,2207742.0,53563.0,60080,493.0,145916,97975.0,9795.0,932,40.0
2020-07-20,3915936,2238047.0,54549.0,58627,1161.0,146796,98285.0,9809.0,880,26.0
2020-07-21,3979569,2271270.0,56340.0,63633,1913.0,147981,98855.0,9831.0,1185,26.0
2020-07-22,4052011,2312000.0,57628.0,72442,1474.0,149176,99463.0,9794.0,1225,33.0
2020-07-23,4125749,2352155.0,58715.0,73738,1260.0,150439,100044.0,9815.0,1263,41.0
2020-07-24,4199155,2392752.0,59881.0,73406,1349.0,151777,100754.0,9831.0,1338,30.0
2020-07-25,4260619,2431548.0,59888.0,61464,942.0,152919,101302.0,9839.0,1144,23.0
2020-07-26,4319098,2464069.0,59889.0,58479,655.0,153870,101732.0,9850.0,951,22.0
2020-07-27,4372705,2493083.0,61337.0,53607,1683.0,154823,102076.0,9868.0,954,38.0
2020-07-28,4431820,2524304.0,62412.0,59115,1356.0,156007,102633.0,9877.0,1184,19.0
2020-07-29,4496670,2558541.0,64435.0,64850,2327.0,157175,103215.0,9852.0,1195,28.0
2020-07-30,4563474,2596788.0,65149.0,66804,1701.0,158596,104000.0,9867.0,1421,23.0
2020-07-31,4632192,2634977.0,66942.0,68718,2113.0,159985,104734.0,9891.0,1389,43.0
2020-08-01,4688726,2667435.0,66783.0,56534,867.0,161110,105297.0,9902.0,1125,21.0
2020-08-02,4740196,2697815.0,67291.0,51470,603.0,162027,105736.0,9912.0,917,21.0
2020-08-03,4785669,2723044.0,68237.0,45473,1155.0,162917,106080.0,9921.0,890,256.0
2020-08-04,4837561,2748058.0,69332.0,51892,1365.0,164006,106586.0,9932.0,1089,28.0
2020-08-05,4893663,2776085.0,71721.0,56102,2683.0,165272,107235.0,9936.0,1281,35.0
2020-08-06,4948477,2803658.0,74405.0,54814,3040.0,166476,107598.0,10165.0,1204,269.0
2020-08-07,5010732,2840073.0,74585.0,62255,1594.0,167794,108302.0,10202.0,1318,54.0
2020-08-08,5062372,2870622.0,75300.0,51640,860.0,168837,108839.0,10233.0,1043,45.0
2020-08-09,5108960,2898192.0,75808.0,46588,603.0,169733,109252.0,10252.0,896,24.0
2020-08-10,5153219,2924198.0,76906.0,44267,1354.0,170556,109601.0,10258.0,823,20.0
2020-08-11,5212278,2955163.0,79354.0,59059,2687.0,171653,110105.0,10302.0,1097,75.0
2020-08-12,5267442,2987900.0,80671.0,55164,1583.0,172994,110916.0,10309.0,1346,31.0
2020-08-13,5319556,3015843.0,81736.0,52114,1295.0,174196,111538.0,10347.0,1202,54.0
2020-08-14,5375692,3049727.0,80906.0,56136,1311.0,175261,112101.0,10353.0,1065,26.0
2020-08-15,5427402,3080015.0,83752.0,52110,2939.0,176203,112537.0,10383.0,942,50.0
2020-08-16,5469371,3105011.0,84374.0,41969,692.0,177094,113037.0,10396.0,892,24.0
2020-08-17,5511265,3128154.0,85406.0,42187,1274.0,177749,113321.0,10407.0,656,15.0
2020-08-18,5552958,3149585.0,87154.0,41705,1976.0,178691,113790.0,10422.0,942,40.0
2020-08-19,5600040,3175289.0,88596.0,47082,1801.0,179971,114523.0,10439.0,1280,47.0
2020-08-20,5646862,3201159.0,90079.0,46822,1868.0,180967,115084.0,10446.0,996,13.0
2020-08-21,5694688,3230359.0,90852.0,47826,2319.0,181991,115637.0,10459.0,1025,40.0
2020-08-22,5736448,3254289.0,91777.0,41760,1116.0,182989,116216.0,10474.0,998,36.0
2020-08-23,5773586,3277198.0,92562.0,37138,947.0,183834,116722.0,10487.0,845,18.0
2020-08-24,5809796,3298718.0,93762.0,36210,1521.0,184447,116982.0,10524.0,613,43.0
2020-08-25,5850593,3320265.0,95768.0,40797,2377.0,185337,117469.0,10555.0,890,60.0
2020-08-26,5897881,3344259.0,99577.0,47288,4921.0,186402,118141.0,10553.0,1104,52.0
2020-08-27,5944919,3367526.0,101207.0,47038,1999.0,187363,118669.0,10581.0,961,37.0
2020-08-28,5991979,3396146.0,103199.0,47060,3772.0,188400,119247.0,10611.0,1037,48.0
2020-08-29,6033028,3419662.0,104328.0,41049,1293.0,189220,119725.0,10622.0,820,26.0
2020-08-30,6069739,3441483.0,105112.0,36711,988.0,189947,120155.0,10634.0,727,18.0
2020-08-31,6108958,3462307.0,106691.0,39219,2064.0,190532,120422.0,10647.0,586,18.0
2020-09-01,6148033,3483707.0,108404.0,39075,2241.0,191389,120899.0,10687.0,857,50.0
2020-09-02,6192106,3506918.0,112076.0,42368,2879.0,192263,121425.0,10687.0,874,27.0
2020-09-03,6237550,3597590.0,113937.0,45444,2576.0,193215,122012.0,10706.0,952,37.0
2020-09-04,6288870,3628686.0,115907.0,51320,2558.0,194144,122577.0,10736.0,929,36.0
2020-09-05,6330571,3654042.0,117014.0,41701,1414.0,194933,123060.0,10745.0,789,25.0
2020-09-06,6364285,3674782.0,117847.0,33714,1057.0,195627,123478.0,10750.0,694,10.0
2020-09-07,6389364,3689790.0,118974.0,25079,1305.0,196047,123632.0,10759.0,422,31.0
2020-09-08,6417999,3706752.0,120443.0,28635,2175.0,196623,123949.0,10776.0,576,26.0
2020-09-09,6453307,3725212.0,122659.0,35308,2965.0,197463,124423.0,10798.0,841,30.0
2020-09-10,6492177,3746759.0,124622.0,38870,2704.0,198309,124937.0,10817.0,846,37.0
2020-09-11,6536553,3772361.0,126978.0,44376,2949.0,199189,125475.0,10856.0,880,48.0
2020-09-12,6576828,3796211.0,128486.0,40275,1879.0,199840,125895.0,10866.0,652,32.0
2020-09-13,6609833,3816625.0,129692.0,33005,1360.0,200586,126414.0,10878.0,746,20.0
2020-09-14,6644498,3835945.0,131313.0,34665,2081.0,201040,126576.0,10913.0,545,37.0
2020-09-15,6681681,3856038.0,133665.0,37218,2981.0,201816,127053.0,10962.0,776,57.0
2020-09-16,6726511,3879974.0,136603.0,44830,3859.0,202922,127603.0,11000.0,1107,204.0
2020-09-17,6771914,3905953.0,139404.0,45403,3357.0,203654,128071.0,11022.0,732,35.0
2020-09-18,6820074,3933701.0,142535.0,48160,4279.0,204478,128580.0,11059.0,824,52.0
2020-09-19,6862573,3959859.0,144239.0,42499,2248.0,205136,129000.0,11065.0,674,33.0
2020-09-20,6896860,3980355.0,145429.0,34287,1386.0,205607,129268.0,11081.0,471,18.0
2020-09-21,6938598,4000833.0,147141.0,41738,2299.0,206187,129519.0,11098.0,580,79.0
2020-09-22,6988643,4020730.0,149009.0,50045,2689.0,206846,129921.0,11081.0,659,26.0
2020-09-23,7031328,4046461.0,151396.0,42685,3226.0,207753,130479.0,11108.0,908,39.0
2020-09-24,7077709,4070435.0,154911.0,46381,4145.0,208501,130954.0,11121.0,749,30.0
2020-09-25,7127912,4099086.0,157632.0,50203,3492.0,209270,131418.0,11143.0,769,30.0
2020-09-26,7170796,4125351.0,159430.0,42884,2049.0,209942,131832.0,11150.0,672,25.0
2020-09-27,7206058,4147456.0,160754.0,35262,1648.0,210444,132128.0,11166.0,502,20.0
2020-09-28,7245308,4169327.0,162791.0,39250,2866.0,210866,132351.0,11181.0,422,18.0
2020-09-29,7284267,4190828.0,165249.0,38959,3332.0,211670,132700.0,11378.0,804,203.0
2020-09-30,7330266,4215317.0,168182.0,45999,4169.0,212359,133260.0,11220.0,864,30.0
2020-10-01,7377775,4242301.0,170582.0,47509,3304.0,213111,133714.0,11242.0,752,39.0
2020-10-02,7428960,4271247.0,174064.0,51185,4484.0,214023,134315.0,11282.0,912,44.0
2020-10-03,7476995,4296770.0,176113.0,48035,2646.0,214567,134633.0,11298.0,545,19.0
2020-10-04,7512609,4319106.0,177552.0,35614,1701.0,215173,134963.0,11315.0,606,51.0
2020-10-05,7554359,4343438.0,179555.0,41755,2787.0,215702,135238.0,11331.0,531,28.0
2020-10-06,7596301,4366310.0,182874.0,41943,4180.0,216343,135603.0,11346.0,641,19.0
2020-10-07,7650634,4395098.0,186374.0,54333,5931.0,217148,136052.0,11391.0,805,50.0
2020-10-08,7706324,4427072.0,189710.0,55690,4553.0,217883,136491.0,11408.0,735,45.0
2020-10-09,7765500,4462630.0,193049.0,59176,4352.0,218673,136968.0,11426.0,790,26.0
2020-10-10,7819504,4492807.0,195281.0,54004,2902.0,219349,137384.0,11451.0,676,36.0
2020-10-11,7864281,4520629.0,196853.0,44777,2068.0,219928,137695.0,11471.0,579,25.0
2020-10-12,7914346,4552043.0,199154.0,50065,3177.0,220436,137955.0,11483.0,508,122.0
2020-10-13,7964938,4580437.0,202132.0,50592,4201.0,221091,138323.0,11508.0,655,28.0
2020-10-14,8023012,4612271.0,205891.0,58074,5872.0,221921,138746.0,11544.0,830,111.0
2020-10-15,8086157,4649024.0,209180.0,63145,4680.0,222636,139204.0,11525.0,743,46.0
2020-10-16,8155576,4686669.0,214280.0,69421,6333.0,223515,139735.0,11569.0,879,51.0
2020-10-17,8210328,4717236.0,217265.0,54752,3848.0,224205,140159.0,11578.0,691,17.0
2020-10-18,8259438,4745212.0,219105.0,49110,2476.0,224951,140577.0,11653.0,747,110.0
2020-10-19,8321509,4784573.0,222078.0,62071,4141.0,225572,140908.0,11677.0,621,28.0
2020-10-20,8380655,4819715.0,225635.0,59146,5146.0,226374,141363.0,11693.0,802,42.0
2020-10-21,8450865,4859011.0,229858.0,70210,6646.0,227418,141982.0,11739.0,1086,63.0
2020-10-22,8525900,4899385.0,236018.0,75035,7975.0,228351,142580.0,11756.0,933,46.0
2020-10-23,8608857,4947120.0,242616.0,82957,8379.0,229298,143126.0,11798.0,948,53.0
2020-10-24,8685390,4992593.0,246683.0,76533,5265.0,230093,143618.0,11835.0,795,119.0
2020-10-25,8751353,5032808.0,249080.0,65963,3560.0,230704,143960.0,11861.0,611,40.0
2020-10-26,8821312,5075169.0,252183.0,69959,4993.0,231405,144306.0,11892.0,701,43.0
2020-10-27,8897317,5116414.0,256926.0,76005,6881.0,232299,144792.0,11931.0,894,52.0
2020-10-28,8982409,5163404.0,264007.0,85092,10499.0,233371,145437.0,11973.0,1073,107.0
2020-10-29,9073961,5213716.0,269228.0,91552,7789.0,234475,146088.0,12024.0,1104,94.0
2020-10-30,9172028,5270677.0,276140.0,98067,9323.0,235408,146594.0,12082.0,933,62.0
2020-10-31,9265408,5323585.0,280862.0,93380,7387.0,236340,147163.0,12133.0,932,74.0
2020-11-01,9407172,5367630.0,283617.0,74290,4374.0,237053,147538.0,12160.0,713,36.0
2020-11-02,9494717,5418367.0,287804.0,87545,7098.0,237804,147904.0,12194.0,751,42.0
2020-11-03,9593621,5472296.0,293267.0,98904,10441.0,238839,148471.0,12269.0,1035,95.0
2020-11-04,9708613,5533711.0,301089.0,114992,14210.0,240147,149225.0,12359.0,1308,163.0
2020-11-05,9832371,5601036.0,307627.0,123758,11893.0,241364,149948.0,12414.0,1223,116.0
2020-11-06,9966818,5685112.0,308387.0,134447,12052.0,242663,150626.0,12519.0,1299,111.0
2020-11-07,10096288,5758624.0,314218.0,129470,11050.0,243737,151245.0,12601.0,1074,120.0
2020-11-08,10208206,5823124.0,319097.0,111918,7945.0,244631,151785.0,12653.0,894,132.0
2020-11-09,10333511,5896779.0,325685.0,125305,11245.0,245583,152245.0,12703.0,955,76.0
2020-11-10,10481160,5977087.0,335051.0,147649,15813.0,247275,152923.0,13236.0,1226,112.0
2020-11-11,10635444,6062774.0,344885.0,154284,17137.0,248793,153823.0,13340.0,1518,122.0
2020-11-12,10798328,6151183.0,353283.0,162884,16748.0,250160,154610.0,13436.0,1367,134.0
2020-11-13,10976501,6254415.0,363466.0,178173,19581.0,251435,155282.0,13517.0,1275,108.0
2020-11-14,11140863,6344053.0,370490.0,164362,14110.0,252892,156196.0,13620.0,1457,139.0
2020-11-15,11280532,6425891.0,375705.0,139669,9265.0,253929,156775.0,13668.0,1037,88.0
2020-11-16,11433646,6516094.0,383044.0,153114,12828.0,254994,157281.0,13747.0,1065,91.0
2020-11-17,11601426,6609172.0,392423.0,167780,16645.0,256584,158164.0,13861.0,1590,124.0
2020-11-18,11773147,6704801.0,402539.0,171721,18614.0,258442,159214.0,14015.0,1858,163.0
2020-11-19,11963577,6810051.0,412909.0,190430,17750.0,260356,160399.0,14119.0,1914,205.0
2020-11-20,12158405,6920494.0,423999.0,194828,18155.0,262349,161471.0,14270.0,1993,263.0
2020-11-21,12332820,7021249.0,433412.0,174415,16572.0,264043,162438.0,14393.0,1694,137.0
2020-11-22,12484072,7107689.0,440229.0,151252,11488.0,265364,163120.0,14502.0,1321,170.0
2020-11-23,12644044,7200112.0,449268.0,159972,14792.0,266827,163876.0,14582.0,1463,131.0
2020-11-24,12819864,7293304.0,460718.0,175820,20560.0,268713,164985.0,14705.0,1886,168.0
2020-11-25,13015552,7401897.0,472455.0,195688,21553.0,271017,166326.0,14886.0,2304,193.0
2020-11-26,13160369,7484761.0,480364.0,144817,13140.0,272687,167263.0,14997.0,1670,200.0
2020-11-27,13326330,7587249.0,488583.0,165961,12164.0,274357,168229.0,15139.0,1672,164.0
2020-11-28,13470842,7674519.0,496467.0,144512,12740.0,275857,169086.0,15267.0,1500,168.0
2020-11-29,13612385,7756570.0,502936.0,141543,11119.0,277148,169744.0,15338.0,1291,159.0
2020-11-30,13765073,7840901.0,511164.0,152688,14908.0,278748,170525.0,15464.0,1600,151.0
2020-12-01,13958401,7945635.0,525555.0,193328,24725.0,281132,171882.0,15657.0,2384,326.0
2020-12-02,14168541,8062071.0,540492.0,210140,24660.0,283916,173455.0,15854.0,2784,404.0
2020-12-03,14386991,8184195.0,553412.0,218450,22834.0,286639,174948.0,16058.0,2723,224.0
2020-12-04,14612939,8317938.0,566332.0,225948,21935.0,289269,176447.0,16256.0,2630,213.0
2020-12-05,14819677,8440469.0,581021.0,206738,21329.0,291608,177761.0,16449.0,2339,313.0
2020-12-06,14997239,8547239.0,588598.0,177653,14020.0,293216,178668.0,16558.0,1609,179.0
2020-12-07,15180999,8662555.0,598391.0,183760,15910.0,295233,179743.0,16695.0,2017,199.0
2020-12-08,15408931,8786892.0,628286.0,227932,42281.0,297782,181043.0,16892.0,2549,3200.0
2020-12-09,15631478,8917027.0,645902.0,222547,28797.0,301152,183014.0,17122.0,3370,371.0
2020-12-10,15840688,9040062.0,658887.0,209210,22827.0,303845,184591.0,17354.0,2859,558.0
2020-12-11,16088100,9193988.0,680076.0,247412,31115.0,307049,186335.0,17637.0,3204,423.0
2020-12-12,16304951,9325457.0,694802.0,216851,22669.0,309449,187665.0,17839.0,2400,395.0
2020-12-13,16486546,9439393.0,704537.0,181595,16482.0,311495,188841.0,17943.0,2046,256.0
2020-12-14,16684825,9568596.0,716690.0,198279,18478.0,313512,189878.0,18101.0,2017,301.0
2020-12-15,16885478,9683112.0,735507.0,200653,29327.0,316277,191359.0,18331.0,2765,499.0
2020-12-16,17127311,9829222.0,755437.0,241833,31478.0,319672,193154.0,18641.0,3395,590.0
2020-12-17,17374505,9980050.0,774578.0,247194,43489.0,323019,195135.0,18881.0,3347,373.0
2020-12-18,17611751,10125964.0,792500.0,237246,29315.0,325995,196810.0,19181.0,2989,314.0
2020-12-19,17814814,10252966.0,807369.0,203063,24269.0,328680,198365.0,19330.0,2685,445.0
2020-12-20,18002437,10374316.0,816529.0,187623,15127.0,330771,199516.0,19422.0,2091,271.0
2020-12-21,18186251,10494051.0,828669.0,183814,19530.0,332960,200669.0,19624.0,2190,277.0
2020-12-22,18385344,10601613.0,850861.0,199093,33482.0,335869,202275.0,19878.0,2918,508.0
2020-12-23,18612293,10730775.0,872101.0,226949,33210.0,339078,203996.0,20176.0,3209,557.0
2020-12-24,18815098,10847354.0,889350.0,202805,26741.0,342110,205727.0,20431.0,3033,378.0
2020-12-25,18974747,10955340.0,899030.0,159649,12400.0,344331,206979.0,20593.0,2231,279.0
2020-12-26,19124883,11058697.0,908167.0,150136,13581.0,345980,207915.0,20704.0,1649,147.0
2020-12-27,19279730,11161957.0,917813.0,154847,16001.0,347879,208925.0,20815.0,1899,284.0
2020-12-28,19458192,11270089.0,930930.0,178462,22682.0,350119,210144.0,21003.0,2240,278.0
2020-12-29,19667486,11371154.0,954497.0,209294,37982.0,353480,211883.0,21295.0,3361,416.0
2020-12-30,19905321,11495324.0,983622.0,237835,44437.0,357252,213841.0,21668.0,3772,471.0
2020-12-31,20135555,11614733.0,1004906.0,230234,34578.0,361026,216043.0,21953.0,3774,643.0
2021-01-01,20363137,11756918.0,1023064.0,227582,26297.0,364049,217647.0,22151.0,3023,276.0
2021-01-02,20590222,11914118.0,1036393.0,227085,19715.0,366418,219067.0,22319.0,2369,266.0
2021-01-03,20795005,12041308.0,1048564.0,204783,19561.0,368464,220118.0,22486.0,2048,249.0
2021-01-04,20970347,12132750.0,1063705.0,175342,25992.0,370556,221068.0,22647.0,2106,285.0
2021-01-05,21214115,12759990.0,1139821.0,243768,38967.0,374047,223172.0,22904.0,3491,364.0
2021-01-06,21473654,12898160.0,1168371.0,259539,45072.0,377911,224999.0,23259.0,3864,514.0
2021-01-07,21743830,13054191.0,1193158.0,270176,38074.0,381892,227458.0,23499.0,3981,484.0
2021-01-08,22037181,13237337.0,1216768.0,293351,37776.0,385664,229603.0,23775.0,3772,557.0
2021-01-09,22293125,13398866.0,1238417.0,255944,30968.0,389001,231480.0,23983.0,3338,448.0
2021-01-10,22518062,13541775.0,1252404.0,224937,22262.0,391565,232984.0,24107.0,2564,265.0
2021-01-11,22722582,13672183.0,1267218.0,204520,22857.0,394184,234427.0,24262.0,2619,289.0
2021-01-12,22940592,13794229.0,1288085.0,218010,32683.0,397786,236368.0,24545.0,3602,562.0
2021-01-13,23168850,13924783.0,1311939.0,228258,37021.0,401858,238592.0,24839.0,4072,388.0
2021-01-14,23392646,14051215.0,1332148.0,223796,33421.0,405566,240652.0,25088.0,3708,575.0
2021-01-15,23632743,14192896.0,1351844.0,240097,31465.0,408971,242457.0,25334.0,3405,448.0
2021-01-16,23846080,14321499.0,1371637.0,213337,28036.0,412499,244563.0,25524.0,3528,295.0
2021-01-17,24030404,14440836.0,1384080.0,184324,15913.0,415077,245942.0,25688.0,2578,347.0
2021-01-18,24182090,14537029.0,1395519.0,151686,16742.0,417363,247197.0,25839.0,2287,316.0
2021-01-19,24332629,14622841.0,1413917.0,149955,25987.0,420120,248774.0,26055.0,2757,289.0
2021-01-20,24520961,14718030.0,1435557.0,188332,34709.0,423981,250812.0,26369.0,3863,693.0
2021-01-21,24709566,14816866.0,1456737.0,188605,32399.0,427820,253022.0,26629.0,3839,534.0
2021-01-22,24900664,14924062.0,1475179.0,191098,29107.0,431508,255271.0,26887.0,3688,392.0
2021-01-23,25065809,15021680.0,1491006.0,165145,22759.0,434496,257034.0,27088.0,2989,444.0
2021-01-24,25210234,15109120.0,1503664.0,144425,18352.0,436980,258470.0,27222.0,2484,264.0
2021-01-25,25344562,15195370.0,1515490.0,134328,16541.0,439109,259592.0,27379.0,2129,241.0
2021-01-26,25491379,15269404.0,1532261.0,146817,26386.0,442668,261704.0,27654.0,3559,449.0
2021-01-27,25650738,15353136.0,1552955.0,159359,31680.0,446649,264132.0,27899.0,3981,496.0
2021-01-28,25807136,15435773.0,1571316.0,156398,27676.0,450513,266450.0,28203.0,3864,405.0
2021-01-29,25971714,15519833.0,1592026.0,164578,31592.0,453783,268418.0,28433.0,3270,342.0
2021-01-30,26109501,15598009.0,1604191.0,137787,19321.0,456552,270123.0,28588.0,2770,362.0
2021-01-31,26222062,15664766.0,1612803.0,112561,13060.0,458846,271400.0,28702.0,2301,396.0
2021-02-01,26351055,15725677.0,1622817.0,128993,18625.0,461125,272591.0,28843.0,2279,269.0
2021-02-02,26473100,15782343.0,1641365.0,122045,27237.0,464093,274485.0,29100.0,2970,366.0
2021-02-03,26581963,15835366.0,1654950.0,108863,22639.0,467411,276287.0,29400.0,3318,438.0
2021-02-04,26707380,15899255.0,1668510.0,125417,22485.0,470543,278183.0,29598.0,3133,429.0
2021-02-05,26832344,15969848.0,1683375.0,124964,22259.0,473961,280255.0,29808.0,3419,453.0
2021-02-06,26941200,16029352.0,1694766.0,108856,17248.0,476736,281984.0,30014.0,2775,275.0
2021-02-07,27033215,16085569.0,1702307.0,92015,11406.0,478547,283040.0,30114.0,1811,176.0
2021-02-08,27115603,16132471.0,1710339.0,82397,12458.0,480245,284025.0,30198.0,1699,137.0
2021-02-09,27207174,16177416.0,1722527.0,91571,19689.0,482685,285360.0,30380.0,2440,354.0
2021-02-10,27306337,16229368.0,1734775.0,99163,18727.0,485515,287024.0,30602.0,2830,279.0
2021-02-11,27405798,16280327.0,1745484.0,99461,17932.0,488761,289144.0,30917.0,3246,459.0
2021-02-12,27503654,16331293.0,1758097.0,97856,18437.0,493848,292625.0,31712.0,2528,902.0
2021-02-13,27588549,16377507.0,1767196.0,84895,13920.0,497161,294819.0,32154.0,2109,585.0
2021-02-14,27655328,16415376.0,1773387.0,66779,8468.0,498715,295778.0,32211.0,1554,96.0
2021-02-15,27713712,16448038.0,1779817.0,58384,9724.0,500114,296599.0,32319.0,1399,147.0
2021-02-16,27771170,16478096.0,1788191.0,57458,11806.0,501545,297420.0,32426.0,1431,145.0
2021-02-17,27835122,16513020.0,1797556.0,63952,13270.0,503739,298517.0,32572.0,2194,248.0
2021-02-18,27903685,16550464.0,1806841.0,68563,12805.0,505999,299972.0,32710.0,2260,234.0
2021-02-19,27977437,16591006.0,1817758.0,73752,14767.0,508449,301545.0,32849.0,2450,208.0
2021-02-20,28043609,16627301.0,1825484.0,66172,11324.0,510345,302715.0,32964.0,1897,210.0
2021-02-21,28099338,16657861.0,1831066.0,55729,8945.0,511891,303742.0,33052.0,1546,133.0
2021-02-22,28155801,16686988.0,1837670.0,56463,9661.0,513415,304643.0,33171.0,1528,188.0
2021-02-23,28226217,16718111.0,1847435.0,70416,17846.0,515124,305692.0,33288.0,1709,226.0
2021-02-24,28299030,16755023.0,1857596.0,72813,15656.0,517131,306952.0,33443.0,2007,217.0
2021-02-25,28370906,16792072.0,1865953.0,71876,13338.0,520067,309202.0,33602.0,2936,197.0
2021-02-26,28444478,16830052.0,1875173.0,73572,14286.0,522001,310505.0,33736.0,1934,269.0
2021-02-27,28512591,16864285.0,1882866.0,68113,12267.0,523614,311631.0,33838.0,1613,119.0
2021-02-28,28564725,16891671.0,1888269.0,52134,8762.0,524703,312478.0,33919.0,1263,124.0
2021-03-01,28616063,16917681.0,1894903.0,51338,9305.0,525961,313346.0,33979.0,1259,76.0
2021-03-02,28670435,16943073.0,1903106.0,54372,12696.0,527317,316758.0,31540.0,1513,232.0
2021-03-03,28736429,16969893.0,1917532.0,65994,18801.0,528875,317676.0,31661.0,1558,167.0
2021-03-04,28801947,17001984.0,1925688.0,65518,13814.0,530435,318732.0,31758.0,1561,172.0
2021-03-05,28866168,17035969.0,1932939.0,64221,11428.0,532389,320147.0,31877.0,1958,146.0
2021-03-06,28923843,17066768.0,1939794.0,57675,11410.0,533661,320939.0,31986.0,1272,187.0
2021-03-07,28967378,17089505.0,1944858.0,43535,7433.0,534574,321478.0,32073.0,913,169.0
2021-03-08,29010762,17113581.0,1949379.0,43384,7616.0,535396,321939.0,32163.0,822,123.0
2021-03-09,29064574,17138367.0,1958160.0,52921,13008.0,536553,322617.0,32313.0,1021,192.0
2021-03-10,29126722,17170538.0,1967648.0,62148,13656.0,538134,323667.0,32436.0,1581,209.0
2021-03-11,29186919,17202436.0,1975441.0,60197,11467.0,539459,324550.0,32488.0,1325,106.0
2021-03-12,29251201,17234951.0,1983168.0,64282,11675.0,540911,325526.0,32511.0,1314,123.0
2021-03-13,29303612,17262061.0,1990014.0,52411,9608.0,541887,326147.0,32543.0,976,96.0
2021-03-14,29351064,17286824.0,1998011.0,47452,9718.0,542549,326580.0,32559.0,677,58.0
2021-03-15,29394802,17310384.0,2002970.0,43738,7807.0,543248,326989.0,32612.0,699,65.0
2021-03-16,29446779,17334527.0,2011452.0,51977,12009.0,544111,327461.0,32681.0,863,125.0
2021-03-17,29508497,17365355.0,2020488.0,61718,12498.0,545169,328094.0,32761.0,1058,114.0
2021-03-18,29571372,17397888.0,2029166.0,62875,11935.0,546009,328699.0,32761.0,930,80.0
2021-03-19,29633740,17432294.0,2037169.0,62368,11106.0,547195,329557.0,32797.0,1186,83.0
2021-03-20,29692136,17463459.0,2045457.0,58396,11657.0,547917,329997.0,32840.0,722,75.0
2021-03-21,29737532,17488970.0,2051040.0,45396,7178.0,548466,330323.0,32860.0,549,45.0
2021-03-22,29786039,17514022.0,2057311.0,48507,9513.0,549409,331031.0,32889.0,946,47.0
2021-03-23,29844041,17542738.0,2066786.0,58002,13816.0,550162,331515.0,32928.0,753,68.0
2021-03-24,29912463,17578099.0,2077741.0,68423,15056.0,551284,332229.0,32991.0,1123,96.0
2021-03-25,29978437,17613561.0,2085823.0,65974,12097.0,552273,332890.0,33044.0,989,109.0
2021-03-26,30053666,17653281.0,2096220.0,75233,14381.0,553334,333661.0,33086.0,1061,65.0
2021-03-27,30117107,17688239.0,2103745.0,63441,10572.0,554190,334257.0,33122.0,856,64.0
2021-03-28,30170565,17718595.0,2108495.0,53458,7688.0,554807,334694.0,33140.0,617,50.0
2021-03-29,30229007,17749962.0,2115401.0,58442,10549.0,555362,335019.0,33187.0,555,75.0
2021-03-30,30290783,17783783.0,2124465.0,61776,11881.0,556085,335517.0,33226.0,723,66.0
2021-03-31,30361748,17820396.0,2133697.0,70965,13680.0,557043,336067.0,33311.0,958,141.0
2021-04-01,30436046,17860096.0,2143304.0,74298,13524.0,557860,336580.0,33342.0,817,71.0
2021-04-02,30507096,17899126.0,2151692.0,71050,11983.0,558704,337180.0,33350.0,844,32.0
2021-04-03,30571007,17936963.0,2158523.0,63911,9454.0,559448,337626.0,33371.0,744,143.0
2021-04-04,30616689,17962772.0,2163276.0,45682,6082.0,559967,338004.0,33394.0,521,33.0
2021-04-05,30673668,17996315.0,2169032.0,56979,8804.0,560342,338194.0,33439.0,439,55.0
2021-04-06,30737867,18029195.0,2177073.0,64199,12671.0,561064,338649.0,33487.0,722,100.0
2021-04-07,30813947,18069550.0,2186365.0,76080,14466.0,561891,339194.0,33506.0,827,36.0
2021-04-08,30890424,18110427.0,2194889.0,76477,12659.0,562752,339769.0,33548.0,861,91.0
2021-04-09,30967988,18153034.0,2203254.0,77492,13006.0,563617,340404.0,33571.0,840,50.0
2021-04-10,31036812,18192025.0,2210267.0,68826,10459.0,564365,340904.0,33599.0,748,70.0
2021-04-11,31091197,18225441.0,2216131.0,54385,7244.0,564833,341230.0,33613.0,474,21.0
2021-04-12,31153287,18258145.0,2223446.0,62090,11236.0,565379,341578.0,33657.0,554,50.0
2021-04-13,31225210,18294340.0,2233626.0,71923,15943.0,566127,342050.0,33692.0,748,103.0
2021-04-14,31297157,18332936.0,2244035.0,71947,14491.0,566928,342527.0,33751.0,822,74.0
2021-04-15,31370423,18371271.0,2252815.0,73266,12922.0,567725,343065.0,33774.0,797,94.0
2021-04-16,31442667,18411976.0,2260750.0,72244,11806.0,568538,343593.0,33818.0,813,66.0
2021-04-17,31521125,18450136.0,2267554.0,78458,21716.0,569174,344035.0,33839.0,638,50.0
2021-04-18,31571228,18477979.0,2272197.0,50103,6653.0,569677,344342.0,33860.0,505,45.0
2021-04-19,31607278,18503930.0,2278040.0,46249,8161.0,570165,344632.0,33885.0,488,43.0
2021-04-20,31665128,18532478.0,2285965.0,57850,12968.0,570905,345077.0,33914.0,740,99.0
2021-04-21,31729467,18565599.0,2293672.0,64339,12282.0,571684,345527.0,33972.0,779,69.0
2021-04-22,31792383,18599957.0,2300685.0,62916,10669.0,572478,346009.0,34023.0,794,100.0
2021-04-23,31855502,18632436.0,2308166.0,63119,11970.0,573325,346559.0,34058.0,847,75.0
2021-04-24,31907847,18660321.0,2314287.0,52345,8979.0,573988,346986.0,34102.0,663,69.0
2021-04-25,31949338,18683785.0,2318296.0,41491,5506.0,574421,347274.0,34110.0,434,18.0
2021-04-26,31980262,18695652.0,2322578.0,39929,7164.0,574908,347585.0,34139.0,487,36.0
2021-04-27,32030780,18720485.0,2329210.0,50518,11683.0,575449,348002.0,34175.0,700,109.0
2021-04-28,32086132,18748439.0,2335907.0,55352,10877.0,576296,348505.0,34236.0,847,78.0
2021-04-29,32142444,18778089.0,2342425.0,56312,9920.0,577064,348976.0,34291.0,768,97.0
2021-04-30,32198152,18806949.0,2348391.0,55708,9458.0,577860,349516.0,34325.0,796,58.0
2021-05-01,32246846,18832367.0,2353357.0,48694,8097.0,578486,349965.0,34358.0,627,58.0
2021-05-02,32283753,18852043.0,2357298.0,36907,5772.0,578989,350291.0,34368.0,506,40.0
2021-05-03,32317027,18869873.0,2360601.0,33274,5595.0,579463,350579.0,34395.0,475,33.0
2021-05-04,32359790,18890303.0,2365996.0,42763,8843.0,580157,350986.0,34441.0,694,70.0
2021-05-05,32404985,18913082.0,2372618.0,45195,9562.0,580880,351415.0,34486.0,723,60.0
2021-05-06,32448261,18935414.0,2377394.0,43276,7615.0,581553,351814.0,34513.0,673,89.0
2021-05-07,32493223,18959756.0,2381661.0,44962,7128.0,582368,352379.0,34548.0,817,54.0
2021-05-08,32530332,18979262.0,2385398.0,37109,6002.0,582988,352801.0,34573.0,621,62.0
2021-05-09,32557861,18994627.0,2387524.0,27529,3813.0,583394,353102.0,34574.0,412,19.0
2021-05-10,32582518,19007321.0,2389744.0,24657,4213.0,583816,353342.0,34595.0,422,29.0
2021-05-11,32615703,19022909.0,2394108.0,33185,7281.0,584428,353700.0,34629.0,615,85.0
2021-05-12,32651840,19041071.0,2398231.0,36137,7087.0,585130,354143.0,34672.0,702,67.0
2021-05-13,32692488,19061542.0,2405177.0,40648,9404.0,585720,354532.0,34686.0,590,57.0
2021-05-14,32728034,19079538.0,2409001.0,35546,6267.0,586416,355003.0,34728.0,700,53.0
2021-05-15,32757832,19094729.0,2412556.0,29756,5344.0,586853,355282.0,34744.0,441,27.0
2021-05-16,32779339,19106030.0,2414454.0,21507,3094.0,587292,355531.0,34754.0,443,85.0
2021-05-17,32798925,19116132.0,2416234.0,19586,3459.0,587665,355729.0,34778.0,383,45.0
2021-05-18,32826801,19128568.0,2420083.0,27876,6529.0,588269,356117.0,34815.0,616,77.0
2021-05-19,32854646,19142109.0,2423440.0,27845,5466.0,588876,356466.0,34868.0,611,68.0
2021-05-20,32882702,19155928.0,2427044.0,28056,5616.0,589404,356784.0,34895.0,528,57.0
2021-05-21,32910843,19170070.0,2430088.0,28141,5098.0,590078,357248.0,34937.0,674,62.0
2021-05-22,32933117,19181252.0,2432602.0,22274,3411.0,590479,357520.0,34944.0,402,27.0
2021-05-23,32949094,19190209.0,2434049.0,15977,2153.0,590768,357700.0,34949.0,289,17.0
2021-05-24,32964471,19198436.0,2435630.0,15377,2811.0,591338,357865.0,34971.0,353,28.0
2021-05-25,32988831,19208362.0,2438252.0,24360,5112.0,591844,358157.0,35003.0,506,38.0
2021-05-26,33012534,19219086.0,2441104.0,23703,4800.0,592369,358462.0,35036.0,525,46.0
2021-05-27,33034762,19230081.0,2443420.0,22228,3972.0,592913,358805.0,35071.0,544,77.0
2021-05-28,33059616,19243840.0,2445776.0,24854,4056.0,593620,359315.0,35102.0,708,63.0
2021-05-29,33075315,19252246.0,2447387.0,15699,2435.0,593931,359517.0,35119.0,337,26.0
2021-05-30,33087690,19258533.0,2448653.0,12375,1781.0,594186,359675.0,35131.0,255,20.0
2021-05-31,33097040,19263557.0,2449299.0,9350,1268.0,594414,359820.0,35134.0,228,14.0
2021-06-01,33106154,19268193.0,2450403.0,9114,1842.0,594751,359968.0,35157.0,338,28.0
2021-06-02,33122458,19275134.0,2452395.0,16304,3829.0,595251,360282.0,35199.0,500,50.0
2021-06-03,33140894,19282795.0,2454497.0,18436,3762.0,595726,360535.0,35242.0,477,79.0
2021-06-04,33159602,19290951.0,2456321.0,18708,3862.0,596320,360922.0,35276.0,594,54.0
2021-06-05,33174316,19297689.0,2457780.0,14714,2488.0,596716,361197.0,35296.0,396,47.0
2021-06-06,33185415,19303393.0,2458751.0,11099,1463.0,597141,361546.0,35292.0,430,18.0
2021-06-07,33195423,19308053.0,2459824.0,10008,1916.0,597465,361681.0,35310.0,325,32.0
2021-06-08,33209807,19314477.0,2461635.0,14384,3486.0,597780,361910.0,35338.0,387,66.0
2021-06-09,33229576,19320391.0,2463471.0,19305,8122.0,598168,362115.0,35382.0,370,58.0
2021-06-10,33245583,19326734.0,2465145.0,16007,3579.0,598559,362373.0,35401.0,391,62.0
2021-06-11,33259726,19333200.0,2466502.0,14143,2620.0,598957,362645.0,35414.0,400,38.0
2021-06-12,33272094,19338921.0,2467882.0,12368,2663.0,599169,362759.0,35445.0,299,38.0
2021-06-13,33280859,19343287.0,2468816.0,8765,1432.0,599317,362828.0,35454.0,148,15.0
2021-06-14,33289219,19347300.0,2469521.0,8360,1709.0,599519,362911.0,35463.0,242,52.0
2021-06-15,33302048,19352410.0,2470943.0,12829,3087.0,599831,363087.0,35492.0,312,46.0
2021-06-16,33315273,19358204.0,2472537.0,13225,2904.0,600172,363292.0,35527.0,343,48.0
2021-06-17,33328786,19035390.0,2473677.0,13670,2935.0,600450,363457.0,35549.0,278,44.0
2021-06-18,33340775,19040753.0,2474696.0,11989,2155.0,600723,363645.0,35566.0,273,23.0
2021-06-19,33353153,19045740.0,2475598.0,12378,2089.0,600976,363795.0,35580.0,253,19.0
2021-06-20,33362242,19050120.0,2476376.0,9089,1435.0,601192,363923.0,35597.0,216,26.0
2021-06-21,33370960,19054148.0,2477059.0,8718,1543.0,601467,364084.0,35619.0,282,27.0
2021-06-22,33384400,19388754.0,2478369.0,13440,2977.0,601776,364262.0,35628.0,314,59.0
2021-06-23,33398289,19394523.0,2480085.0,13889,2974.0,602114,364435.0,35666.0,338,50.0
2021-06-24,33413890,19401302.0,2481483.0,15601,3252.0,602430,364660.0,35680.0,316,26.0
2021-06-25,33428991,19408595.0,2482828.0,15101,2751.0,602834,364936.0,35692.0,394,24.0
2021-06-26,33442238,19414470.0,2483967.0,13247,2585.0,603075,365110.0,35698.0,241,16.0
2021-06-27,33452866,19420362.0,2484710.0,10628,1453.0,603250,365216.0,35708.0,176,14.0
2021-06-28,33463471,19425185.0,2485516.0,10605,2012.0,603441,365279.0,35727.0,192,49.0
2021-06-29,33479171,19431091.0,2487083.0,15700,3771.0,603718,365448.0,35739.0,278,27.0
2021-06-30,33490824,19432534.0,2488809.0,16012,3965.0,603962,365565.0,35751.0,246,29.0
2021-07-01,33509537,19440321.0,2490343.0,18713,4024.0,604251,365747.0,35759.0,289,26.0
2021-07-02,33526476,19447783.0,2491716.0,16939,3125.0,604553,365942.0,35775.0,302,23.0
2021-07-03,33539716,19452557.0,2492805.0,13240,2703.0,604706,366028.0,35780.0,153,11.0
2021-07-04,33550203,19456865.0,2493612.0,10483,1872.0,604829,366086.0,35786.0,123,9.0
2021-07-05,33559478,19460559.0,2494367.0,9275,1718.0,604935,366131.0,35794.0,106,22.0
2021-07-06,33579578,19470937.0,2495636.0,20100,3359.0,605238,366323.0,35799.0,303,19.0
2021-07-07,33602364,19479038.0,2498025.0,22786,5883.0,605491,366481.0,35814.0,254,21.0
2021-07-08,33786216,19488938.0,2656319.0,28067,6611.0,605756,366638.0,35826.0,266,26.0
2021-07-09,33813959,19500328.0,2658791.0,27743,5642.0,606068,366830.0,35842.0,312,28.0
2021-07-10,33834884,19507318.0,2660735.0,20925,4280.0,606213,366906.0,35852.0,145,16.0
2021-07-11,33851605,19514159.0,2662229.0,16721,2850.0,606330,366960.0,35860.0,117,14.0
2021-07-12,33880877,19529465.0,2663738.0,29272,4297.0,606635,367130.0,35872.0,305,29.0
2021-07-13,33916063,19542647.0,2666882.0,35186,8536.0,606973,367332.0,35885.0,339,43.0
2021-07-14,33954656,19557367.0,2670417.0,38487,7765.0,607313,367481.0,35927.0,340,62.0
2021-07-15,33995473,19573023.0,2674132.0,40705,9095.0,607634,367615.0,35948.0,321,45.0
2021-07-16,34037969,19589845.0,2677768.0,42454,8978.0,608003,367826.0,35971.0,369,35.0
2021-07-17,34070354,19601233.0,2681014.0,32314,6798.0,608182,367905.0,35979.0,179,12.0
2021-07-18,34098735,19611874.0,2683505.0,28336,4912.0,608330,367966.0,35992.0,148,22.0
2021-07-19,34144191,19637157.0,2686568.0,45190,6956.0,608617,368100.0,36013.0,287,31.0
2021-07-20,34195425,19656902.0,2691619.0,51098,10966.0,608940,368257.0,36027.0,323,38.0
2021-07-21,34257155,19679409.0,2697947.0,61546,14817.0,609337,368399.0,36057.0,397,70.0
2021-07-22,34329299,19704637.0,2709313.0,71861,19217.0,609682,368566.0,36060.0,346,16.0
2021-07-23,34399387,19733077.0,2715557.0,69743,13784.0,610096,368746.0,36077.0,421,35.0
2021-07-24,34453479,19751592.0,2720802.0,53970,10345.0,610341,368839.0,36096.0,245,25.0
2021-07-25,34497015,19769104.0,2725234.0,43508,7304.0,610590,368915.0,36111.0,249,23.0
2021-07-26,34568484,19808714.0,2729854.0,71433,10854.0,611008,369090.0,36133.0,423,40.0
2021-07-27,34654791,19842238.0,2738491.0,86165,20255.0,611511,369318.0,36160.0,505,44.0
2021-07-28,34744490,19876817.0,2747960.0,89579,18843.0,612004,369515.0,36177.0,493,49.0
2021-07-29,34844403,19915503.0,2760744.0,99684,22158.0,612507,369735.0,36211.0,503,50.0
2021-07-30,34949859,19958016.0,2769971.0,105122,19610.0,613158,370074.0,36238.0,651,61.0
2021-07-31,35031157,19987557.0,2777644.0,81134,13994.0,613556,370219.0,36257.0,398,35.0
2021-08-01,35093117,20015098.0,2783810.0,61916,10280.0,613929,370339.0,36281.0,373,37.0
2021-08-02,35195731,20075381.0,2791316.0,102589,15598.0,614585,370614.0,36316.0,657,71.0
2021-08-03,35306765,20118833.0,2802199.0,110712,21952.0,615292,370939.0,36349.0,708,67.0
2021-08-04,35434842,20166907.0,2815220.0,127744,26283.0,616038,371228.0,36376.0,746,74.0
2021-08-05,35563830,20219320.0,2830489.0,128754,27407.0,616800,371522.0,36415.0,762,78.0
2021-08-06,35698207,20277147.0,2842338.0,126604,23009.0,617643,371871.0,36470.0,848,86.0
2021-08-07,35819127,20328421.0,2851836.0,120821,18549.0,618287,372091.0,36503.0,644,61.0
2021-08-08,35916716,20378901.0,2860005.0,97547,13565.0,618816,372277.0,36532.0,529,51.0
2021-08-09,36010291,20421976.0,2869155.0,93493,18558.0,619548,372458.0,36569.0,731,74.0
2021-08-10,36146742,20476254.0,2884620.0,136268,31014.0,620516,372855.0,36631.0,968,97.0
2021-08-11,36291582,20536893.0,2900718.0,144570,30019.0,621132,372798.0,36703.0,956,132.0
2021-08-12,36444158,20604125.0,2917350.0,152310,29752.0,622130,373159.0,36766.0,998,112.0
2021-08-13,36591551,20672115.0,2930823.0,147296,28635.0,623330,373636.0,36832.0,1186,122.0
2021-08-14,36732392,20735395.0,2944280.0,140674,24208.0,624225,373917.0,36880.0,895,77.0
2021-08-15,36843856,20795192.0,2954325.0,111390,16857.0,624907,374128.0,36918.0,682,54.0
2021-08-16,36953447,20847600.0,2965052.0,109461,19429.0,625769,374377.0,36981.0,854,99.0
2021-08-17,37104537,20907435.0,2984083.0,150840,34942.0,626971,374864.0,37077.0,1205,173.0
2021-08-18,37273487,20978816.0,3002207.0,167910,34640.0,628482,375501.0,37155.0,1496,157.0
2021-08-19,37449382,21055332.0,3033397.0,175691,43713.0,629878,376050.0,37245.0,1367,141.0
2021-08-20,37618791,21136103.0,3052256.0,167475,33578.0,631464,376721.0,37338.0,1572,170.0
2021-08-21,37763940,21205114.0,3065215.0,144773,21738.0,632644,377137.0,37410.0,1180,105.0
2021-08-22,37891736,21274185.0,3077272.0,127726,18077.0,633551,377467.0,37471.0,894,102.0
2021-08-23,38008306,21334206.0,3086433.0,116501,20439.0,634758,377807.0,37594.0,1132,204.0
2021-08-24,38172120,21402608.0,3106832.0,163447,37821.0,636431,378556.0,37703.0,1669,166.0
2021-08-25,38350449,21483759.0,3127482.0,178072,38244.0,638103,379234.0,37790.0,1655,178.0
2021-08-26,38537941,21568026.0,3154012.0,187239,41477.0,639899,380010.0,37908.0,1766,200.0
2021-08-27,38721114,21659436.0,3175113.0,182972,35556.0,641755,380791.0,38010.0,1814,178.0
2021-08-28,38874724,21740114.0,3190817.0,153249,24864.0,643230,381347.0,38117.0,1475,165.0
2021-08-29,38993819,21810044.0,3203391.0,118916,17894.0,644426,381821.0,38195.0,1163,128.0
2021-08-30,39127329,21881118.0,3214853.0,133427,21349.0,645674,382266.0,38289.0,1213,171.0
2021-08-31,39304814,21958443.0,3237883.0,176981,38170.0,647485,383080.0,38451.0,1762,213.0
2021-09-01,39503994,22058411.0,3264176.0,198857,40831.0,649518,383938.0,38553.0,1997,206.0
2021-09-02,39686669,22142136.0,3292042.0,182274,42715.0,651557,384817.0,38643.0,2023,255.0
2021-09-03,39870651,22230999.0,3312891.0,183594,35380.0,653529,385714.0,38774.0,1944,205.0
2021-09-04,40015594,22302912.0,3328511.0,144526,26080.0,655038,386342.0,38857.0,1510,121.0
2021-09-05,40141439,22378205.0,3341740.0,125568,17862.0,656373,386912.0,38943.0,1286,137.0
2021-09-06,40251377,22443229.0,3354294.0,109534,17015.0,657452,387315.0,39026.0,1064,122.0
2021-09-07,40369281,22757179.0,3368463.0,117814,22490.0,659008,390298.0,39194.0,1469,258.0
2021-09-08,40540607,22827563.0,3393903.0,169979,42450.0,661142,391303.0,39363.0,2076,246.0
2021-09-09,40725683,22905528.0,3421997.0,184672,48489.0,663399,392349.0,39514.0,2251,212.0
2021-09-10,40897843,22992977.0,3443325.0,171811,31541.0,665703,393351.0,39630.0,2259,200.0
2021-09-11,41053708,23078680.0,3461884.0,155338,27632.0,667461,394123.0,39739.0,1758,169.0
2021-09-12,41170508,23149784.0,3475932.0,116721,17128.0,668627,394607.0,39839.0,1147,143.0
2021-09-13,41283058,23209955.0,3488161.0,112386,20661.0,669975,395164.0,39965.0,1295,207.0
2021-09-14,41446195,23286975.0,3510514.0,162477,36717.0,672412,396449.0,40150.0,2432,365.0
2021-09-15,41610263,23366380.0,3532934.0,163152,33824.0,674918,397608.0,40404.0,2398,334.0
2021-09-16,41778367,23446638.0,3560816.0,167564,38801.0,677027,398555.0,40573.0,2084,293.0
2021-09-17,41936806,23528191.0,3579648.0,157908,29568.0,679357,399649.0,40719.0,2293,254.0
2021-09-18,42062822,23596203.0,3593849.0,125441,21135.0,680980,400423.0,40835.0,1623,153.0
2021-09-19,42160769,23658262.0,3603515.0,97860,13256.0,682202,401026.0,40916.0,1189,119.0
2021-09-20,42253338,23711334.0,3614024.0,92536,15564.0,683546,401545.0,41042.0,1293,165.0
2021-09-21,42389064,23777105.0,3633080.0,135102,28647.0,685890,402689.0,41217.0,2335,348.0
2021-09-22,42522104,23843879.0,3651878.0,132595,27930.0,688258,403846.0,41412.0,2299,246.0
2021-09-23,42659920,23913964.0,3672504.0,136350,30072.0,690343,404801.0,41581.0,2062,220.0
2021-09-24,42793587,23968265.0,3704019.0,133310,40045.0,692804,406003.0,41713.0,2400,207.0
2021-09-25,42892555,24003360.0,3730646.0,98322,31386.0,694261,406599.0,41844.0,1457,174.0
2021-09-26,42970538,24032348.0,3753373.0,77744,25346.0,695315,407054.0,41936.0,1027,123.0
2021-09-27,43072425,24081928.0,3777557.0,101765,28829.0,697233,407862.0,42483.0,1471,206.0
2021-09-28,43189516,24134535.0,3796132.0,116647,27846.0,699385,409054.0,42684.0,2130,248.0
2021-09-29,43306970,24195485.0,3813948.0,116593,24884.0,701641,410022.0,42839.0,2206,297.0
2021-09-30,43430737,24259487.0,3832690.0,123002,25627.0,703605,410932.0,42967.0,1930,199.0
2021-10-01,43552655,24325985.0,3847359.0,121224,21269.0,705800,412202.0,43071.0,2153,173.0
2021-10-02,43636965,24371553.0,3857791.0,83817,14261.0,707132,412828.0,43194.0,1332,143.0
2021-10-03,43705694,24412334.0,3864746.0,68522,8883.0,708111,413249.0,43283.0,956,113.0
2021-10-04,43791842,24469581.0,3873063.0,86119,11821.0,709407,413955.0,43430.0,1227,177.0
2021-10-05,43896478,24519041.0,3889842.0,104398,24487.0,711462,415082.0,43572.0,2067,274.0
2021-10-06,44013989,24572789.0,3914594.0,106975,21512.0,713502,416059.0,43723.0,1989,186.0
2021-10-07,44127339,24632141.0,3933801.0,112557,24914.0,715252,416969.0,43850.0,1734,232.0
2021-10-08,44235713,24691950.0,3947026.0,107830,19487.0,717528,418203.0,43979.0,2236,243.0
2021-10-09,44308129,24731458.0,3955457.0,71768,11119.0,718602,418657.0,44070.0,1074,114.0
2021-10-10,44368514,24768369.0,3961865.0,60224,7735.0,719641,418986.0,44147.0,741,89.0
2021-10-11,44442843,24816825.0,3968255.0,74245,9570.0,720599,419599.0,44241.0,911,275.0
2021-10-12,44533115,24859209.0,3981141.0,89623,19043.0,722553,420613.0,44382.0,1944,309.0
2021-10-13,44629916,24909247.0,3994996.0,96069,19043.0,724392,421455.0,44505.0,1787,294.0
2021-10-14,44726951,24960074.0,4011097.0,96537,21043.0,725959,422252.0,44640.0,1560,228.0
2021-10-15,44818544,25011014.0,4021480.0,90787,14738.0,728001,423451.0,44730.0,1984,189.0
2021-10-16,44883521,25045730.0,4029510.0,64152,10091.0,728930,423545.0,45143.0,929,431.0
2021-10-17,44933053,25075451.0,4034101.0,49456,5904.0,729653,423587.0,45547.0,710,410.0
2021-10-18,45002360,25121750.0,4041168.0,69284,9633.0,731925,424945.0,45984.0,1259,116.0
2021-10-19,45083408,25160062.0,4055157.0,80528,19536.0,733772,426072.0,46107.0,1846,280.0
2021-10-20,45160137,25201255.0,4066093.0,76197,15430.0,735603,426984.0,46265.0,1753,309.0
2021-10-21,45247802,25247944.0,4080527.0,87288,18242.0,737137,427768.0,46370.0,1534,123.0
2021-10-22,45329614,25294503.0,4090223.0,81496,13667.0,739089,428985.0,46506.0,1875,225.0
2021-10-23,45366609,25312648.0,4095194.0,36544,6544.0,739756,429208.0,46523.0,667,27.0
2021-10-24,45394849,25328444.0,4098257.0,28146,4191.0,740100,429316.0,46530.0,346,22.0
2021-10-25,45478991,25377706.0,4108258.0,84095,13039.0,741148,429912.0,46654.0,993,152.0
2021-10-26,45581305,25436631.0,4125782.0,102052,22376.0,743191,431316.0,46808.0,2018,210.0
2021-10-27,45665624,25483808.0,4139051.0,83862,17316.0,744965,432115.0,46924.0,1708,285.0
2021-10-28,45769201,25527917.0,4174238.0,81692,17138.0,746244,432714.0,46993.0,1290,167.0
2021-10-29,45857605,25575582.0,4185440.0,88267,15903.0,748053,362342.0,47092.0,1738,197.0
2021-10-30,45892650,25593231.0,4189980.0,34476,6204.0,748502,362549.0,47114.0,449,26.0
2021-10-31,45918168,25607787.0,4192752.0,25454,3441.0,748805,362616.0,47126.0,303,22.0
2021-11-01,46035900,25681226.0,4202554.0,109773,13257.0,749994,363279.0,47266.0,1142,195.0
2021-11-02,46110884,25718484.0,4213186.0,74299,16327.0,751444,364114.0,47325.0,1439,196.0
2021-11-03,46189901,25760851.0,4226229.0,78909,16687.0,752642,364833.0,47459.0,1445,317.0
2021-11-04,46278910,25809943.0,4241780.0,88790,18863.0,753849,365411.0,47510.0,1207,94.0
2021-11-05,46368707,25861017.0,4253055.0,89611,14969.0,755467,366364.0,47614.0,1563,131.0
2021-11-06,46404727,25879369.0,4257628.0,35492,5873.0,755945,366549.0,47639.0,478,27.0
2021-11-07,46436166,25897309.0,4261813.0,31373,4785.0,756198,366616.0,47659.0,253,28.0
2021-11-08,46552776,25972686.0,4272540.0,116561,14600.0,757370,367159.0,47737.0,1148,159.0
2021-11-09,46635606,26013475.0,4285415.0,82653,18521.0,758965,368076.0,47892.0,1595,319.0
2021-11-10,46729415,26064513.0,4300570.0,92017,19553.0,760305,368720.0,48008.0,1252,171.0
2021-11-11,46803254,26099025.0,4313186.0,73249,16551.0,761282,368935.0,48054.0,977,55.0
2021-11-12,46926173,26169800.0,4326702.0,122774,17678.0,763023,370000.0,48166.0,1698,222.0
2021-11-13,46995144,26213466.0,4336574.0,53600,11386.0,763575,370146.0,48196.0,552,33.0
2021-11-14,47028840,26233907.0,4340054.0,33635,4066.0,763791,370193.0,48195.0,216,9.0
2021-11-15,47162430,26319242.0,4353976.0,133581,18055.0,764867,370740.0,48271.0,1041,204.0
2021-11-16,47260860,26367672.0,4369176.0,98371,20645.0,766325,371597.0,48363.0,1458,260.0
2021-11-17,47365980,26427420.0,4383547.0,105065,18796.0,767772,372321.0,48480.0,1269,246.0
2021-11-18,47489803,26490327.0,4400521.0,113139,21416.0,771645,372802.0,48532.0,1090,95.0
2021-11-19,47603568,26553131.0,4415504.0,113665,19645.0,773308,373636.0,48701.0,1592,255.0
2021-11-20,47649408,26577086.0,4422474.0,45759,8438.0,773682,373751.0,48713.0,374,20.0
2021-11-21,47688171,26600174.0,4426829.0,38273,4848.0,773856,373810.0,48716.0,174,14.0
2021-11-22,47833614,26695346.0,4439378.0,145393,16856.0,775026,374499.0,48805.0,1128,122.0
2021-11-23,47934605,26747468.0,4453163.0,100865,19236.0,776587,375476.0,48956.0,1552,277.0
2021-11-24,48041428,26809095.0,4468408.0,106578,19117.0,777956,376117.0,49104.0,1222,174.0
2021-11-25,48113507,26850837.0,4476231.0,72003,9309.0,778425,376290.0,49158.0,469,60.0
2021-11-26,48195239,26901403.0,4484077.0,81713,10491.0,778983,376792.0,49170.0,558,17.0
2021-11-27,48247146,26934503.0,4489448.0,51856,5975.0,779198,376900.0,49185.0,215,18.0
2021-11-28,48303752,26970254.0,4495359.0,56514,6645.0,779389,376982.0,49192.0,191,10.0
2021-11-29,48398215,27025128.0,4507708.0,94292,16794.0,781056,377688.0,49357.0,1610,397.0
2021-11-30,48519360,27084084.0,4524637.0,120980,24524.0,782678,378636.0,49444.0,1610,262.0
2021-12-01,48652982,27160072.0,4542466.0,133622,23547.0,784396,379573.0,49654.0,1558,236.0
2021-12-02,48797172,27242736.0,4565119.0,144190,26953.0,785639,380119.0,49783.0,1243,252.0
2021-12-03,48948992,27323061.0,4587686.0,151820,29543.0,787286,381122.0,49915.0,1472,221.0
2021-12-04,49016414,27356966.0,4596292.0,67422,12069.0,787856,381356.0,49968.0,570,58.0
2021-12-05,49071891,27386684.0,4601862.0,55477,7647.0,788131,381444.0,49993.0,275,27.0
2021-12-06,49255675,27508916.0,4616680.0,183784,19616.0,789434,382194.0,50079.0,1256,144.0
2021-12-07,49382029,27574386.0,4634684.0,126354,24283.0,791285,383386.0,50235.0,1851,274.0
2021-12-08,49512095,27649509.0,4652503.0,130066,23664.0,792755,384097.0,50338.0,1285,230.0
2021-12-09,49649740,27724926.0,4673946.0,137645,26340.0,793913,384727.0,50436.0,1158,167.0
2021-12-10,49784059,27804626.0,4688161.0,134319,19108.0,795890,385894.0,50594.0,1826,212.0
2021-12-11,49848241,27838376.0,4696099.0,64182,10283.0,796383,386048.0,50623.0,493,42.0
2021-12-12,49906526,27871316.0,4702766.0,58285,8165.0,796686,386137.0,50646.0,303,32.0
2021-12-13,50093304,27991854.0,4724419.0,186778,25274.0,797991,386920.0,50754.0,1269,319.0
2021-12-14,50219667,28058393.0,4742527.0,124638,24593.0,799903,388099.0,50855.0,1912,351.0
2021-12-15,50367215,28139407.0,4766146.0,146708,29179.0,801801,389086.0,51055.0,1668,225.0
2021-12-16,50530802,28229088.0,4789000.0,162240,29326.0,802909,389682.0,51131.0,1107,168.0
2021-12-17,50691647,28314518.0,4806149.0,160845,23373.0,804974,390985.0,51248.0,1851,134.0
2021-12-18,50780981,28352050.0,4816429.0,89334,14613.0,805566,391148.0,51299.0,593,54.0
2021-12-19,50885969,28406999.0,4829362.0,104988,16350.0,805842,391255.0,51305.0,276,15.0
2021-12-20,51152514,28578525.0,4852349.0,266545,29912.0,807287,392107.0,51454.0,1377,356.0
2021-12-21,51360457,28689520.0,4876769.0,207943,36681.0,809561,393512.0,51587.0,2262,463.0
2021-12-22,51604176,28819140.0,4911072.0,243719,43834.0,811395,394508.0,51749.0,1558,297.0
2021-12-23,51885120,28973226.0,4943441.0,280323,43016.0,814573,396167.0,52844.0,1016,1107.0
2021-12-24,52126474,29106306.0,4967094.0,241354,32285.0,815937,396986.0,52926.0,1364,85.0
2021-12-25,52258929,29164848.0,4984659.0,132455,22816.0,816194,397135.0,52943.0,257,20.0
2021-12-26,52476439,29279872.0,5001932.0,217510,23471.0,816456,397262.0,52965.0,263,28.0
2021-12-27,52942830,29572780.0,5033755.0,466391,51637.0,818399,398481.0,53245.0,1619,354.0
2021-12-28,53344443,29788231.0,5091017.0,401613,82391.0,820583,399726.0,53414.0,2185,352.0
2021-12-29,53833307,30044254.0,5159947.0,488864,94051.0,822395,400649.0,53548.0,1580,430.0
2021-12-30,54436059,30360937.0,5242875.0,602752,114149.0,823730,401270.0,53691.0,1336,161.0
2021-12-31,54903067,30634750.0,5288192.0,467008,63070.0,825054,402223.0,53750.0,1324,131.0
2022-01-01,55204333,30747150.0,5310411.0,301266,36966.0,825472,402430.0,53779.0,418,35.0
2022-01-02,55619828,30967954.0,5356402.0,415495,60094.0,825839,402618.0,53797.0,367,28.0
2022-01-03,56529458,31517401.0,5426542.0,909630,111377.0,827497,403562.0,53917.0,1486,236.0
2022-01-04,57264953,31955019.0,5499044.0,735495,113472.0,830318,405153.0,54139.0,2821,571.0
2022-01-05,57985998,32333235.0,5597145.0,721045,141183.0,832165,406124.0,54331.0,1682,230.0
2022-01-06,58796892,32760663.0,5710973.0,810894,157013.0,834253,407279.0,54480.0,2088,410.0
2022-01-07,59659583,33252950.0,5793711.0,862691,123176.0,836758,408698.0,54650.0,2369,321.0
2022-01-08,60104800,33424816.0,5828779.0,445217,60946.0,837644,409060.0,54707.0,886,72.0
2022-01-09,60596209,33690340.0,5868214.0,491409,59829.0,838337,409385.0,54751.0,695,62.0
2022-01-10,61856714,34585633.0,5953849.0,1260505,120691.0,840308,410505.0,55003.0,1971,280.0
2022-01-11,62671900,35045494.0,6033441.0,815186,129810.0,843526,412353.0,55273.0,3220,698.0
2022-01-12,63536466,35520679.0,6134369.0,864566,153196.0,846022,413702.0,55453.0,2216,379.0
2022-01-13,64438913,35987125.0,6284083.0,902447,195052.0,848186,414807.0,55622.0,2164,216.0
2022-01-14,65335813,36484797.0,6373517.0,850329,127638.0,851174,416565.0,55856.0,2848,408.0
2022-01-15,65810318,36694752.0,6426873.0,474505,86449.0,852580,417087.0,56045.0,1406,215.0
2022-01-16,66234139,36941608.0,6460678.0,423821,49270.0,853449,417503.0,56119.0,869,106.0
2022-01-17,67202591,37649097.0,6524009.0,968452,90895.0,854908,418144.0,56286.0,1461,332.0
2022-01-18,68065898,38169708.0,6601272.0,863307,123387.0,857559,419846.0,56451.0,2651,368.0
2022-01-19,68853516,38592671.0,6696566.0,787618,144516.0,860815,421677.0,56796.0,2848,442.0
2022-01-20,69632312,38998300.0,6847136.0,778796,189483.0,863711,423146.0,56953.0,2897,482.0
2022-01-21,70410097,39461044.0,6927317.0,777785,118816.0,867573,425254.0,57222.0,3783,593.0
2022-01-22,70744647,39625275.0,6962770.0,334550,54320.0,868837,425716.0,57347.0,1265,146.0
2022-01-23,71063715,39777768.0,6986241.0,319068,44951.0,869795,426158.0,57414.0,958,94.0
2022-01-24,72075520,40506177.0,7045810.0,1011805,90610.0,872577,427579.0,57780.0,2782,516.0
2022-01-25,72575616,40754575.0,7107337.0,500096,102123.0,876140,429819.0,57992.0,3564,437.0
2022-01-26,73123589,41079333.0,7175945.0,547973,93620.0,879538,431622.0,58338.0,3130,522.0
2022-01-27,73696336,41369626.0,7290272.0,572747,140251.0,882407,432901.0,58556.0,2869,530.0
2022-01-28,74222161,41675217.0,7343458.0,525825,77093.0,886022,434861.0,58830.0,3494,353.0
2022-01-29,74445865,41770789.0,7364978.0,223704,40127.0,887568,435420.0,58973.0,1546,224.0
2022-01-30,74606207,41844605.0,7378707.0,160342,26603.0,888487,435794.0,59035.0,919,110.0
2022-01-31,75181081,42235879.0,7417762.0,574874,65836.0,891240,437782.0,58789.0,2683,586.0
2022-02-01,75480790,42377715.0,7458892.0,299709,65200.0,895454,439983.0,59191.0,4214,668.0
2022-02-02,75786890,42538202.0,7499594.0,306100,60319.0,898652,441461.0,59457.0,3198,370.0
2022-02-03,76138779,42683418.0,7606612.0,351889,124826.0,901382,442717.0,59680.0,2730,440.0
2022-02-04,76420812,42830419.0,7650041.0,268452,51010.0,904774,444608.0,59930.0,3392,435.0
2022-02-05,76526869,42870952.0,7661038.0,106057,25124.0,906027,445027.0,60015.0,1253,113.0
2022-02-06,76626097,42908065.0,7669873.0,99228,17480.0,906720,445349.0,60043.0,693,60.0
2022-02-07,76932098,43103319.0,7703204.0,295501,47323.0,909979,447335.0,60146.0,3259,557.0
2022-02-08,77130358,43215598.0,7727072.0,198260,40809.0,913777,449321.0,60420.0,3799,757.0
2022-02-09,77327447,43330268.0,7752016.0,197089,36547.0,916770,450784.0,60637.0,2993,289.0
2022-02-10,77495401,43417010.0,7768984.0,167954,32686.0,919357,452045.0,60877.0,2587,401.0
2022-02-11,77650873,43498110.0,7791909.0,155472,33261.0,922241,453439.0,61065.0,2884,323.0
2022-02-12,77719741,43527828.0,7800785.0,68868,14446.0,923246,453790.0,61146.0,1006,107.0
2022-02-13,77768773,43550685.0,7806699.0,49032,8567.0,923963,454002.0,61189.0,717,59.0
2022-02-14,77943154,43663447.0,7822038.0,174381,22505.0,926905,455344.0,61709.0,2942,566.0
2022-02-15,78052726,43715719.0,7837396.0,109575,24774.0,930307,457067.0,62030.0,3040,700.0
2022-02-16,78159498,43775616.0,7852816.0,106772,22700.0,932988,458301.0,62159.0,2683,333.0
2022-02-17,78260345,43831437.0,7865697.0,100847,19853.0,935286,459362.0,62324.0,2298,227.0
2022-02-18,78364929,43885319.0,7879939.0,103908,21174.0,937598,460508.0,62499.0,2312,204.0
2022-02-19,78406690,43901248.0,7886673.0,41761,11096.0,938349,460710.0,62606.0,751,121.0
2022-02-20,78438751,43915802.0,7890255.0,32061,5372.0,938930,460925.0,62645.0,581,50.0
2022-02-21,78487220,43937407.0,7896329.0,48469,10181.0,940040,461607.0,62850.0,1110,295.0
2022-02-22,78603175,44019397.0,7907103.0,115955,16442.0,943322,463437.0,63065.0,3282,410.0
2022-02-23,78677571,44056852.0,7916737.0,74396,16708.0,945922,464759.0,63329.0,2600,382.0
2022-02-24,78752539,44090151.0,7936098.0,74968,24115.0,948386,465715.0,63653.0,2464,497.0
2022-02-25,78827698,44130654.0,7948178.0,75159,16082.0,950722,466815.0,63842.0,2336,244.0
2022-02-26,78853970,44141071.0,7952258.0,26272,6725.0,951291,466946.0,63873.0,569,47.0
2022-02-27,78872252,44148595.0,7953488.0,18327,2271.0,951642,467060.0,63889.0,351,21.0
2022-02-28,78948873,44196226.0,7961508.0,72099,11248.0,953836,467903.0,64198.0,2194,392.0
2022-03-01,79013213,44226321.0,7980084.0,42488,22646.0,955802,468899.0,64292.0,1966,381.0
2022-03-02,79066482,44255412.0,7988512.0,53269,11898.0,957332,469576.0,64282.0,1768,296.0
2022-03-03,79118463,44278937.0,8002679.0,51981,17857.0,958695,470163.0,64383.0,1363,207.0
2022-03-04,79163036,44299820.0,8012228.0,42823,12476.0,960250,470878.0,64501.0,1555,174.0
2022-03-05,79177800,44303961.0,8014055.0,14764,4004.0,960604,470999.0,64530.0,354,33.0
2022-03-06,79186944,44309019.0,8014780.0,9144,1026.0,960964,471093.0,64542.0,360,29.0
2022-03-07,79244681,44346097.0,8020493.0,55526,7969.0,962484,471632.0,64600.0,1522,122.0
2022-03-08,79276007,44360560.0,8023881.0,30354,8230.0,964203,472513.0,64670.0,1732,329.0
2022-03-09,79323273,44385119.0,8031579.0,46336,183719.0,966159,473508.0,65024.0,1957,440.0
2022-03-10,79362852,44402529.0,8040359.0,39579,13056.0,967422,474044.0,65124.0,1263,178.0
2022-03-11,79399803,44419344.0,8044024.0,36847,11213.0,968853,474792.0,65246.0,1432,182.0
2022-03-12,79412133,44422863.0,8045339.0,12330,3536.0,969409,475039.0,65325.0,556,87.0
2022-03-13,79421620,44426705.0,8046227.0,9487,1777.0,969590,475087.0,65331.0,181,10.0
2022-03-14,79483396,44461209.0,8065000.0,39121,4694.0,967149,471493.0,65867.0,1338,550.0
2022-03-15,79508427,44473275.0,8068083.0,25031,6825.0,968583,472080.0,65990.0,1436,402.0
2022-03-16,79546868,44493191.0,8074505.0,38441,9614.0,970085,472836.0,66176.0,1502,237.0
2022-03-17,79580345,44509015.0,8080357.0,33477,10211.0,971145,473394.0,66236.0,1060,140.0
2022-03-18,79611498,44525540.0,8083251.0,30328,5814.0,972100,473762.0,66291.0,955,101.0
2022-03-19,79621624,44528186.0,8084306.0,10126,2588.0,972314,473830.0,66304.0,214,16.0
2022-03-20,79632259,44532409.0,8085176.0,10637,1820.0,972457,473864.0,66307.0,147,7.0
2022-03-21,79671271,44561744.0,8087240.0,39012,3776.0,973226,474130.0,66358.0,769,79.0
2022-03-22,79696514,44572386.0,8089258.0,25256,4976.0,974155,474582.0,66448.0,929,242.0
2022-03-23,79742509,44592017.0,8093619.0,36383,7097.0,975398,475254.0,66651.0,1246,225.0
2022-03-24,79779335,44608220.0,8100352.0,33487,9406.0,976290,475723.0,66696.0,892,120.0
2022-03-25,79808237,44622866.0,8102540.0,27877,5211.0,977055,475983.0,66772.0,765,125.0
2022-03-26,79821363,44625887.0,8103433.0,10041,2336.0,977232,476014.0,66775.0,177,8.0
2022-03-27,79832410,44630912.0,8104599.0,11047,1400.0,977320,476038.0,66780.0,88,9.0
2022-03-28,79865411,44653637.0,8106854.0,33001,3447.0,978006,476431.0,66832.0,686,85.0
2022-03-29,79889458,44664400.0,8108799.0,22096,4827.0,978730,476719.0,66931.0,724,205.0
2022-03-30,79938130,44697782.0,8111734.0,39679,6166.0,979893,477407.0,67025.0,1163,138.0
2022-03-31,79979196,44717462.0,8118494.0,35367,9709.0,980599,477833.0,67077.0,709,70.0
2022-04-01,80007692,44733364.0,8120941.0,27638,4235.0,981178,478024.0,67119.0,579,89.0
2022-04-02,80019354,44736329.0,8121932.0,10566,2217.0,981340,478068.0,67137.0,162,22.0
2022-04-03,80031235,44741278.0,8123316.0,11881,1970.0,981445,478076.0,67138.0,105,5.0
2022-04-04,80059002,44757783.0,8125948.0,27767,3948.0,981792,478305.0,67179.0,351,85.0
2022-04-05,80092294,44778669.0,8128093.0,33292,4217.0,982303,478590.0,67252.0,644,115.0
2022-04-06,80135705,44800965.0,8131920.0,43411,9970.0,983237,479799.0,66812.0,944,96.0
2022-04-07,80170795,44817527.0,8137306.0,34387,8565.0,983751,480129.0,66852.0,516,60.0
2022-04-08,80212933,44840561.0,8140162.0,41967,5409.0,984621,480284.0,67027.0,870,213.0
2022-04-09,80227982,44844802.0,8141491.0,14429,2977.0,984772,480306.0,67037.0,151,13.0
2022-04-10,80246635,44854006.0,8143822.0,18653,2906.0,984839,480319.0,67038.0,67,10.0
2022-04-11,80281780,44873997.0,8146769.0,35020,4277.0,985164,480529.0,67079.0,325,55.0
2022-04-12,80310703,44887375.0,8150156.0,28522,5879.0,985898,480784.0,67108.0,434,40.0
2022-04-13,80358395,44911190.0,8156347.0,47108,9542.0,986496,481164.0,67179.0,598,119.0
2022-04-14,80423264,44949985.0,8166341.0,64310,12729.0,987193,481361.0,67223.0,590,80.0
2022-04-15,80467296,44973496.0,8170072.0,44032,6064.0,987726,481499.0,67261.0,533,50.0
2022-04-16,80483837,44978566.0,8171288.0,16541,2370.0,987762,481509.0,67261.0,36,1.0
2022-04-17,80507194,44989813.0,8175989.0,23357,5437.0,987812,481523.0,67262.0,51,2.0
2022-04-18,80544686,45007954.0,8179823.0,37492,5423.0,988180,481690.0,67363.0,368,121.0
2022-04-19,80598760,45044145.0,8183010.0,54074,5933.0,988603,481802.0,67358.0,426,61.0
2022-04-20,80658720,45075950.0,8191212.0,59960,11068.0,989138,482111.0,67452.0,541,139.0
2022-04-21,80712460,45104295.0,8199946.0,53740,11290.0,989782,482330.0,67464.0,466,86.0
2022-04-22,80784194,45140356.0,8212719.0,70133,15815.0,990091,482421.0,67479.0,540,33.0
2022-04-23,80812027,45148636.0,8217677.0,27351,6973.0,990159,482447.0,67486.0,68,9.0
2022-04-24,80836971,45159158.0,8222288.0,24944,5467.0,990211,482463.0,67485.0,52,2.0
2022-04-25,80890636,45190707.0,8227699.0,52365,7255.0,990436,482612.0,67519.0,188,53.0
2022-04-26,80955925,45230848.0,8232701.0,65285,8087.0,990807,482714.0,67533.0,351,27.0
2022-04-27,81036362,45272750.0,8244627.0,79746,15794.0,991551,483174.0,67682.0,744,174.0
2022-04-28,81101971,45306761.0,8254936.0,64360,13216.0,991817,483312.0,67696.0,266,29.0
2022-04-29,81188637,45352827.0,8267896.0,86666,16260.0,992321,483432.0,67723.0,505,72.0
2022-04-30,81218817,45362855.0,8273530.0,30180,7917.0,992392,483445.0,67725.0,71,2.0
2022-05-01,81250201,45376643.0,8279925.0,31384,7421.0,992504,483454.0,67728.0,112,14.0
2022-05-02,81317522,45415083.0,8287276.0,66254,9802.0,992745,483588.0,67789.0,241,82.0
2022-05-03,81391270,45465017.0,8293300.0,73748,9144.0,993391,483996.0,67850.0,344,73.0
2022-05-04,81492090,45517456.0,8307369.0,100820,19133.0,994203,484536.0,68007.0,814,215.0
2022-05-05,81574159,45559703.0,8320107.0,81793,17148.0,994511,484743.0,68035.0,309,39.0
