Date,Open,Energy,Financial Services,Technology,Real Estate,Communication Services,Utilities,Consumer Staples,Healthcare,Basic Materials
2020-01-21,29269.05078125,58.790000915527344,30.8799991607666,96.81999969482422,39.599998474121094,56.58000183105469,66.91000366210938,63.72999954223633,104.25,60.720001220703125
2020-01-22,29263.630859375,57.95000076293945,30.8700008392334,97.69000244140625,40.099998474121094,56.869998931884766,67.5,64.05999755859375,104.83000183105469,60.61000061035156
2020-01-23,29111.01953125,56.900001525878906,30.700000762939453,97.52999877929688,39.689998626708984,56.5,67.56999969482422,63.880001068115234,104.55000305175781,59.7599983215332
2020-01-24,29230.390625,57.02000045776367,30.790000915527344,98.61000061035156,40.130001068115234,56.5099983215332,68.0,64.08000183105469,104.31999969482422,60.2599983215332
2020-01-27,28542.490234375,55.47999954223633,29.790000915527344,95.16000366210938,39.75,54.650001525878906,68.31999969482422,63.04999923706055,101.22000122070312,58.68000030517578
2020-01-28,28594.279296875,55.36000061035156,30.079999923706055,95.94000244140625,39.869998931884766,55.16999816894531,68.26000213623047,63.43000030517578,101.9800033569336,58.7400016784668
2020-01-29,28820.529296875,55.61000061035156,30.3700008392334,97.7300033569336,40.04999923706055,55.7599983215332,68.51000213623047,63.52000045776367,102.27999877929688,59.310001373291016
2020-01-30,28640.16015625,54.150001525878906,29.950000762939453,97.13999938964844,39.58000183105469,54.11000061035156,68.61000061035156,63.18000030517578,101.1500015258789,58.52000045776367
2020-01-31,28813.0390625,54.22999954223633,30.34000015258789,97.44999694824219,39.70000076293945,54.79999923706055,69.16000366210938,63.93000030517578,100.76000213623047,58.38999938964844
2020-02-03,28319.650390625,53.369998931884766,30.170000076293945,95.44000244140625,39.38999938964844,54.349998474121094,69.08999633789062,63.40999984741211,99.83000183105469,57.849998474121094
2020-02-04,28696.740234375,53.5,30.579999923706055,98.2699966430664,39.40999984741211,54.77000045776367,69.16000366210938,63.68000030517578,101.29000091552734,59.560001373291016
2020-02-05,29048.73046875,53.810001373291016,30.8700008392334,100.75,39.81999969482422,55.599998474121094,68.36000061035156,63.77000045776367,102.27999877929688,60.400001525878906
2020-02-06,29388.580078125,55.18000030517578,31.239999771118164,100.11000061035156,39.880001068115234,55.47999954223633,68.86000061035156,64.13999938964844,104.23999786376953,61.290000915527344
2020-02-07,29286.919921875,53.95000076293945,30.860000610351562,100.13999938964844,39.939998626708984,55.720001220703125,68.97000122070312,64.18000030517578,103.86000061035156,60.58000183105469
2020-02-10,28995.66015625,53.70000076293945,30.81999969482422,99.11000061035156,40.06999969482422,55.72999954223633,68.69999694824219,64.29000091552734,102.66000366210938,60.0
2020-02-11,29390.7109375,54.439998626708984,31.09000015258789,101.80999755859375,40.540000915527344,56.47999954223633,68.97000122070312,64.62999725341797,103.94999694824219,60.380001068115234
2020-02-12,29406.75,55.119998931884766,31.280000686645508,101.38999938964844,40.939998626708984,56.40999984741211,68.98999786376953,64.37000274658203,104.5999984741211,60.79999923706055
2020-02-13,29436.029296875,54.88999938964844,31.040000915527344,100.98999786376953,41.09000015258789,56.540000915527344,69.20999908447266,64.12000274658203,103.95999908447266,60.63999938964844
2020-02-14,29440.470703125,55.060001373291016,31.100000381469727,101.72000122070312,41.5,56.91999816894531,70.05000305175781,64.70999908447266,103.95999908447266,60.52000045776367
2020-02-18,29282.779296875,54.099998474121094,31.079999923706055,101.13999938964844,41.93000030517578,56.81999969482422,70.66000366210938,64.69999694824219,103.93000030517578,60.41999816894531
2020-02-19,29312.69921875,54.4900016784668,31.010000228881836,102.23999786376953,41.849998474121094,57.529998779296875,70.69999694824219,64.56999969482422,103.83000183105469,60.5
2020-02-20,29296.25,54.9900016784668,31.020000457763672,102.56999969482422,41.36000061035156,57.33000183105469,70.2300033569336,64.37999725341797,103.80000305175781,60.29999923706055
2020-02-21,29146.529296875,54.27000045776367,30.920000076293945,101.19999694824219,41.709999084472656,56.72999954223633,70.33000183105469,64.36000061035156,102.97000122070312,60.369998931884766
2020-02-24,28402.9296875,52.099998474121094,29.799999237060547,94.66999816894531,41.439998626708984,54.400001525878906,70.02999877929688,63.77000045776367,100.93000030517578,58.810001373291016
2020-02-25,28037.650390625,51.779998779296875,29.780000686645508,96.19000244140625,41.47999954223633,54.43000030517578,69.58000183105469,63.20000076293945,100.52999877929688,58.650001525878906
2020-02-26,27159.4609375,49.540000915527344,28.950000762939453,92.62999725341797,40.380001068115234,53.099998474121094,68.05000305175781,62.209999084472656,97.66999816894531,56.40999984741211
2020-02-27,26526.0,46.630001068115234,27.940000534057617,89.66000366210938,39.31999969482422,51.68000030517578,67.08999633789062,61.119998931884766,96.06999969482422,55.0
2020-02-28,25270.830078125,43.880001068115234,26.399999618530273,84.20999908447266,36.91999816894531,49.20000076293945,62.86000061035156,57.810001373291016,91.3499984741211,51.61000061035156
2020-03-02,25590.509765625,46.279998779296875,26.639999389648438,89.95999908447266,36.970001220703125,51.290000915527344,62.5,58.11000061035156,92.63999938964844,53.220001220703125
2020-03-03,26762.470703125,47.369998931884766,27.860000610351562,94.01000213623047,38.70000076293945,52.59000015258789,65.87999725341797,61.18000030517578,97.19000244140625,55.15999984741211
2020-03-04,26383.6796875,46.63999938964844,27.260000228881836,91.87000274658203,39.099998474121094,51.65999984741211,65.88999938964844,61.11000061035156,97.37999725341797,55.459999084472656
2020-03-05,26671.919921875,45.400001525878906,26.8700008392334,91.29000091552734,39.43000030517578,51.439998626708984,67.58999633789062,61.83000183105469,97.8499984741211,55.119998931884766
2020-03-06,25457.2109375,43.5,25.25,87.79000091552734,38.31999969482422,49.08000183105469,65.87000274658203,60.38999938964844,94.98999786376953,53.529998779296875
2020-03-09,24992.359375,35.06999969482422,23.0,81.58000183105469,36.45000076293945,46.54999923706055,63.54999923706055,58.13999938964844,91.38999938964844,49.68000030517578
2020-03-10,24453.0,36.66999816894531,23.8700008392334,85.68000030517578,36.70000076293945,48.060001373291016,64.5,60.099998474121094,94.76000213623047,50.34000015258789
2020-03-11,24604.630859375,34.45000076293945,23.40999984741211,85.29000091552734,36.61000061035156,47.689998626708984,62.619998931884766,59.04999923706055,93.01000213623047,49.04999923706055
2020-03-12,22184.7109375,31.190000534057617,20.940000534057617,77.44000244140625,33.2599983215332,43.7599983215332,57.5,53.88999938964844,86.01000213623047,44.56999969482422
2020-03-13,21973.8203125,31.959999084472656,21.899999618530273,80.08999633789062,34.16999816894531,45.0099983215332,57.77000045776367,54.77000045776367,88.72000122070312,46.27000045776367
2020-03-16,20917.529296875,27.950000762939453,19.350000381469727,71.72000122070312,31.799999237060547,39.5099983215332,52.459999084472656,51.349998474121094,82.5199966430664,37.689998626708984
2020-03-17,20487.05078125,28.079999923706055,20.350000381469727,74.2699966430664,30.110000610351562,41.79999923706055,52.61000061035156,53.790000915527344,83.41000366210938,42.029998779296875
2020-03-18,20188.689453125,26.040000915527344,19.649999618530273,72.3499984741211,29.600000381469727,40.29999923706055,54.209999084472656,54.75,82.4000015258789,41.099998474121094
2020-03-19,19830.009765625,24.329999923706055,18.790000915527344,73.88999938964844,28.81999969482422,41.0099983215332,54.63999938964844,55.15999984741211,83.02999877929688,40.43000030517578
2020-03-20,20253.150390625,26.260000228881836,19.81999969482422,76.26000213623047,28.950000762939453,42.869998931884766,52.41999816894531,54.040000915527344,82.95999908447266,42.54999923706055
2020-03-23,19028.359375,25.1299991607666,18.440000534057617,70.69000244140625,26.8799991607666,40.0099983215332,47.189998626708984,50.0099983215332,78.19999694824219,40.15999984741211
2020-03-24,19722.189453125,25.399999618530273,18.709999084472656,74.66000366210938,26.6299991607666,42.31999969482422,46.650001525878906,50.75,78.1500015258789,40.77000045776367
2020-03-25,21050.33984375,27.950000762939453,20.139999389648438,78.19999694824219,27.8799991607666,42.65999984741211,49.83000183105469,51.0,79.83999633789062,42.70000076293945
2020-03-26,21468.380859375,28.93000030517578,20.65999984741211,78.48999786376953,29.15999984741211,42.47999954223633,51.58000183105469,51.59000015258789,82.16999816894531,44.380001068115234
2020-03-27,21898.470703125,29.1200008392334,20.790000915527344,79.76000213623047,30.170000076293945,43.279998779296875,53.709999084472656,52.59000015258789,84.33999633789062,44.209999084472656
2020-03-30,21678.220703125,27.950000762939453,21.040000915527344,79.63999938964844,31.3799991607666,43.15999984741211,56.15999984741211,54.029998779296875,86.5199966430664,44.810001373291016
2020-03-31,22208.419921875,29.420000076293945,21.209999084472656,81.70999908447266,31.790000915527344,44.310001373291016,57.290000915527344,55.400001525878906,89.05000305175781,45.529998779296875
2020-04-01,21227.380859375,28.1200008392334,19.719999313354492,77.58999633789062,29.600000381469727,42.95000076293945,53.220001220703125,52.9900016784668,85.62000274658203,43.38999938964844
2020-04-02,20819.4609375,29.010000228881836,19.43000030517578,76.2699966430664,28.780000686645508,42.29999923706055,51.52000045776367,52.810001373291016,84.77999877929688,42.959999084472656
2020-04-03,21285.9296875,31.100000381469727,19.850000381469727,77.98999786376953,29.34000015258789,42.939998626708984,53.119998931884766,54.70000076293945,87.29000091552734,43.36000061035156
2020-04-06,21693.630859375,30.5,20.6200008392334,80.51000213623047,30.40999984741211,43.72999954223633,53.689998626708984,56.72999954223633,89.54000091552734,44.439998626708984
2020-04-07,23537.439453125,32.959999084472656,22.200000762939453,86.6500015258789,32.68000030517578,46.310001373291016,57.290000915527344,58.29999923706055,93.6500015258789,47.470001220703125
2020-04-08,22893.470703125,32.7599983215332,21.579999923706055,84.04000091552734,31.84000015258789,45.7599983215332,55.41999816894531,57.16999816894531,91.36000061035156,47.5
2020-04-09,23690.66015625,35.540000915527344,22.770000457763672,86.19000244140625,34.400001525878906,46.79999923706055,58.970001220703125,57.75,95.16999816894531,49.84000015258789
2020-04-13,23698.9296875,35.09000015258789,23.309999465942383,84.86000061035156,35.33000183105469,46.45000076293945,60.52000045776367,57.939998626708984,94.48999786376953,51.02000045776367
2020-04-14,23690.5703125,33.970001220703125,23.06999969482422,87.29000091552734,34.59000015258789,47.61000061035156,60.16999816894531,58.689998626708984,95.83999633789062,51.34000015258789
2020-04-15,23600.720703125,32.29999923706055,21.729999542236328,87.19999694824219,34.11000061035156,47.18000030517578,58.959999084472656,59.349998474121094,95.83000183105469,49.31999969482422
2020-04-16,23543.66015625,31.979999542236328,21.600000381469727,88.16999816894531,33.72999954223633,47.91999816894531,58.880001068115234,59.5099983215332,97.33999633789062,48.689998626708984
2020-04-17,23817.150390625,31.329999923706055,22.100000381469727,89.6500015258789,34.349998474121094,48.599998474121094,59.88999938964844,60.31999969482422,101.12999725341797,49.459999084472656
2020-04-20,24095.099609375,31.950000762939453,21.950000762939453,88.05000305175781,33.93000030517578,47.959999084472656,60.150001525878906,59.900001525878906,99.81999969482422,49.380001068115234
2020-04-21,23365.25,31.940000534057617,21.329999923706055,86.58999633789062,32.47999954223633,47.349998474121094,57.189998626708984,58.470001220703125,98.2699966430664,47.77000045776367
2020-04-22,23437.33984375,33.77000045776367,21.729999542236328,86.19000244140625,33.27000045776367,47.68000030517578,58.36000061035156,58.75,98.3499984741211,48.790000915527344
2020-04-23,23543.08984375,34.47999954223633,21.579999923706055,87.58999633789062,33.400001525878906,47.939998626708984,59.130001068115234,58.470001220703125,98.94000244140625,49.029998779296875
2020-04-24,23628.240234375,35.22999954223633,21.65999984741211,87.1500015258789,33.130001068115234,47.95000076293945,58.060001373291016,58.43000030517578,99.55999755859375,49.4900016784668
2020-04-27,23866.150390625,34.36000061035156,21.959999084472656,89.43000030517578,33.349998474121094,49.13999938964844,58.65999984741211,59.06999969482422,100.98999786376953,50.0099983215332
2020-04-28,24357.169921875,35.900001525878906,23.15999984741211,90.5,34.63999938964844,49.560001373291016,59.7599983215332,59.560001373291016,102.26000213623047,52.029998779296875
2020-04-29,24490.369140625,37.369998931884766,23.420000076293945,90.08000183105469,34.7599983215332,49.900001525878906,60.11000061035156,59.5099983215332,101.05999755859375,53.220001220703125
2020-04-30,24585.5703125,39.08000183105469,22.90999984741211,92.01000213623047,33.709999084472656,50.529998779296875,58.189998626708984,58.790000915527344,99.76000213623047,52.630001068115234
2020-05-01,24120.779296875,37.220001220703125,22.25,89.4000015258789,33.09000015258789,49.75,56.59000015258789,57.939998626708984,98.58999633789062,50.97999954223633
2020-05-04,23581.55078125,35.189998626708984,21.770000457763672,88.48999786376953,32.59000015258789,49.27000045776367,55.59000015258789,57.5099983215332,97.52999877929688,50.400001525878906
2020-05-05,23958.880859375,38.61000061035156,22.15999984741211,91.11000061035156,33.13999938964844,50.279998779296875,56.5,57.81999969482422,98.63999938964844,51.41999816894531
2020-05-06,23978.880859375,37.29999923706055,21.989999771118164,92.19999694824219,33.16999816894531,50.540000915527344,56.959999084472656,57.7400016784668,100.41999816894531,51.2400016784668
2020-05-07,23837.2109375,37.16999816894531,21.600000381469727,93.27999877929688,32.779998779296875,50.72999954223633,55.459999084472656,57.45000076293945,99.91999816894531,50.720001220703125
2020-05-08,24107.8203125,37.959999084472656,22.239999771118164,94.30000305175781,33.130001068115234,51.54999923706055,55.720001220703125,57.41999816894531,99.95999908447266,51.9900016784668
2020-05-11,24256.44921875,38.52000045776367,21.979999542236328,94.12999725341797,32.9900016784668,51.540000915527344,55.720001220703125,57.86000061035156,99.0,51.61000061035156
2020-05-12,24292.83984375,38.47999954223633,21.950000762939453,95.80000305175781,33.08000183105469,52.04999923706055,56.060001373291016,58.22999954223633,101.70999908447266,51.849998474121094
2020-05-13,23702.16015625,37.18000030517578,21.110000610351562,93.48999786376953,31.3700008392334,50.849998474121094,55.31999969482422,57.5,99.44999694824219,50.63999938964844
2020-05-14,23049.060546875,35.099998474121094,20.299999237060547,91.19000244140625,30.649999618530273,49.59000015258789,54.40999984741211,56.75,97.58999633789062,48.900001525878906
2020-05-15,23454.830078125,36.13999938964844,20.989999771118164,91.52999877929688,30.8700008392334,50.13999938964844,55.15999984741211,56.880001068115234,99.30000305175781,50.11000061035156
2020-05-18,24059.98046875,38.04999923706055,21.829999923706055,95.30999755859375,31.90999984741211,51.81999969482422,56.099998474121094,58.29999923706055,102.30000305175781,52.619998931884766
2020-05-19,24577.48046875,38.97999954223633,22.0,95.80000305175781,32.31999969482422,52.2599983215332,56.81999969482422,58.380001068115234,100.93000030517578,52.9900016784668
2020-05-20,24455.939453125,38.619998931884766,21.950000762939453,96.7300033569336,32.20000076293945,53.08000183105469,56.70000076293945,57.709999084472656,100.79000091552734,53.380001068115234
2020-05-21,24564.26953125,39.470001220703125,22.0,97.4000015258789,32.04999923706055,54.0,56.279998779296875,57.81999969482422,99.87000274658203,53.36000061035156
2020-05-22,24461.98046875,38.40999984741211,21.989999771118164,96.0,32.029998779296875,53.369998931884766,55.86000061035156,57.290000915527344,99.41999816894531,52.95000076293945
2020-05-26,24781.83984375,39.709999084472656,22.75,98.41999816894531,33.72999954223633,54.7400016784668,57.5,58.279998779296875,101.19000244140625,54.130001068115234
2020-05-27,25298.630859375,40.130001068115234,24.09000015258789,96.37999725341797,34.43000030517578,53.900001525878906,57.849998474121094,58.2400016784668,99.58000183105469,55.0
2020-05-28,25697.359375,40.15999984741211,24.329999923706055,96.58000183105469,34.86000061035156,53.77000045776367,58.27000045776367,59.099998474121094,101.29000091552734,55.70000076293945
2020-05-29,25324.150390625,38.599998474121094,23.399999618530273,97.04000091552734,34.619998931884766,53.70000076293945,59.09000015258789,58.9900016784668,102.22000122070312,55.45000076293945
2020-06-01,25342.990234375,38.70000076293945,23.5,97.51000213623047,34.619998931884766,53.88999938964844,59.66999816894531,59.2599983215332,102.36000061035156,55.470001220703125
2020-06-02,25582.51953125,39.869998931884766,23.889999389648438,98.13999938964844,35.560001373291016,54.70000076293945,60.630001068115234,59.7400016784668,102.02999877929688,56.0099983215332
2020-06-03,25906.880859375,41.18000030517578,24.399999618530273,99.26000213623047,35.88999938964844,55.0,61.119998931884766,60.060001373291016,102.87999725341797,57.54999923706055
2020-06-04,26226.490234375,41.5,24.719999313354492,99.23999786376953,36.2400016784668,54.880001068115234,61.189998626708984,59.7599983215332,101.76000213623047,57.88999938964844
2020-06-05,26836.80078125,43.83000183105469,26.780000686645508,99.51000213623047,36.869998931884766,54.9900016784668,60.970001220703125,60.029998779296875,102.20999908447266,59.869998931884766
2020-06-08,27232.9296875,46.470001220703125,26.670000076293945,101.2300033569336,37.439998626708984,55.52000045776367,61.29999923706055,60.43000030517578,102.80000305175781,60.060001373291016
2020-06-09,27447.369140625,45.36000061035156,26.110000610351562,101.41000366210938,37.310001373291016,56.25,62.2599983215332,60.84000015258789,103.70999908447266,59.220001220703125
2020-06-10,27251.890625,44.68000030517578,26.020000457763672,103.13999938964844,37.2599983215332,56.7599983215332,61.56999969482422,60.709999084472656,103.18000030517578,59.43000030517578
2020-06-11,26282.509765625,39.88999938964844,24.0,102.30000305175781,35.33000183105469,54.959999084472656,60.15999984741211,59.75,101.79000091552734,56.849998474121094
2020-06-12,25659.419921875,40.54999923706055,24.059999465942383,100.7699966430664,35.52000045776367,54.83000183105469,59.939998626708984,58.90999984741211,99.0,55.86000061035156
2020-06-15,25270.390625,38.119998931884766,23.010000228881836,97.5999984741211,34.58000183105469,53.33000183105469,57.630001068115234,57.58000183105469,96.13999938964844,53.59000015258789
2020-06-16,26326.6796875,41.84000015258789,25.1200008392334,102.7699966430664,37.099998474121094,56.09000015258789,60.5,59.95000076293945,100.12000274658203,57.540000915527344
2020-06-17,26330.51953125,40.93000030517578,24.610000610351562,103.08999633789062,36.81999969482422,55.560001373291016,59.59000015258789,59.81999969482422,100.7300033569336,57.13999938964844
2020-06-18,26016.44921875,39.290000915527344,23.93000030517578,102.30000305175781,35.900001525878906,55.400001525878906,58.790000915527344,59.349998474121094,99.55999755859375,56.099998474121094
2020-06-19,26213.099609375,41.43000030517578,24.600000381469727,104.19000244140625,36.220001220703125,56.36000061035156,59.619998931884766,60.47999954223633,100.93000030517578,57.290000915527344
2020-06-22,25865.080078125,38.880001068115234,23.68000030517578,102.08999633789062,34.970001220703125,55.380001068115234,56.97999954223633,59.099998474121094,99.91000366210938,55.86000061035156
2020-06-23,26159.390625,39.84000015258789,24.06999969482422,104.80999755859375,35.310001373291016,55.90999984741211,58.15999984741211,59.380001068115234,100.62999725341797,56.91999816894531
2020-06-24,25992.9609375,38.68000030517578,23.510000228881836,104.19999694824219,34.45000076293945,55.720001220703125,56.560001373291016,58.599998474121094,99.62000274658203,55.61000061035156
2020-06-25,25365.220703125,36.7599983215332,22.899999618530273,102.41999816894531,33.779998779296875,54.61000061035156,56.349998474121094,57.880001068115234,97.66000366210938,54.41999816894531
2020-06-26,25641.689453125,37.54999923706055,23.190000534057617,103.37999725341797,34.220001220703125,54.560001373291016,55.689998626708984,58.29999923706055,98.52999877929688,55.040000915527344
2020-06-29,25152.44921875,36.599998474121094,22.81999969482422,101.52999877929688,34.0099983215332,52.18000030517578,55.619998931884766,57.5,98.27999877929688,54.95000076293945
2020-06-30,25512.4296875,36.70000076293945,22.709999084472656,102.66000366210938,34.380001068115234,53.41999816894531,56.22999954223633,58.220001220703125,98.41999816894531,55.36000061035156
2020-07-01,25879.380859375,38.0,23.239999771118164,104.55999755859375,34.95000076293945,54.220001220703125,56.47999954223633,58.75,100.54000091552734,56.40999984741211
2020-07-02,25936.44921875,37.689998626708984,23.450000762939453,105.6500015258789,36.290000915527344,55.880001068115234,58.15999984741211,59.18000030517578,101.7300033569336,57.2599983215332
2020-07-06,25996.080078125,38.0,23.479999542236328,106.62999725341797,36.25,55.81999969482422,58.11000061035156,59.439998626708984,102.7699966430664,58.619998931884766
2020-07-07,26172.009765625,36.97999954223633,23.219999313354492,106.98999786376953,35.380001068115234,56.16999816894531,56.560001373291016,58.959999084472656,101.87999725341797,57.93000030517578
2020-07-08,25950.060546875,36.2599983215332,22.920000076293945,106.83000183105469,35.209999084472656,56.220001220703125,56.869998931884766,59.95000076293945,102.08999633789062,58.470001220703125
2020-07-09,26094.919921875,36.06999969482422,23.15999984741211,108.5999984741211,35.0099983215332,56.88999938964844,57.189998626708984,59.59000015258789,101.63999938964844,57.810001373291016
2020-07-10,25690.349609375,34.2400016784668,22.670000076293945,107.86000061035156,34.959999084472656,56.68000030517578,56.70000076293945,59.27000045776367,101.02999877929688,57.130001068115234
2020-07-13,26225.0703125,35.869998931884766,23.760000228881836,109.0,35.119998931884766,58.15999984741211,57.77000045776367,60.58000183105469,101.29000091552734,58.59000015258789
2020-07-14,26044.169921875,35.11000061035156,23.459999084472656,105.0,34.4900016784668,55.970001220703125,57.84000015258789,60.029998779296875,101.04000091552734,57.869998931884766
2020-07-15,27009.810546875,37.52000045776367,24.25,108.04000091552734,35.25,57.349998474121094,58.91999816894531,61.38999938964844,104.05000305175781,60.4900016784668
2020-07-16,26746.5703125,37.130001068115234,23.940000534057617,106.48999786376953,34.810001373291016,56.939998626708984,58.189998626708984,61.099998474121094,104.52999877929688,60.56999969482422
2020-07-17,26774.619140625,37.33000183105469,24.200000762939453,106.94000244140625,34.689998626708984,57.54999923706055,59.20000076293945,61.540000915527344,105.01000213623047,61.08000183105469
2020-07-20,26660.2890625,36.560001373291016,23.81999969482422,107.12999725341797,35.04999923706055,57.310001373291016,60.0,61.459999084472656,106.12999725341797,61.130001068115234
2020-07-21,26833.140625,36.70000076293945,24.0,110.33999633789062,35.0099983215332,58.47999954223633,59.56999969482422,61.400001525878906,106.2300033569336,61.0099983215332
2020-07-22,26824.560546875,37.849998474121094,24.190000534057617,108.55999755859375,34.650001525878906,57.810001373291016,59.41999816894531,61.689998626708984,106.27999877929688,61.060001373291016
2020-07-23,26955.970703125,37.65999984741211,24.260000228881836,108.75,35.060001373291016,57.9900016784668,60.59000015258789,62.20000076293945,107.08999633789062,61.81999969482422
2020-07-24,26533.41015625,37.720001220703125,24.350000381469727,104.70999908447266,34.880001068115234,56.54999923706055,60.79999923706055,62.310001373291016,106.0999984741211,61.459999084472656
2020-07-27,26447.669921875,37.459999084472656,24.15999984741211,105.83999633789062,34.81999969482422,57.060001373291016,60.29999923706055,62.06999969482422,105.05999755859375,61.869998931884766
2020-07-28,26529.44921875,37.33000183105469,23.979999542236328,106.52999877929688,35.20000076293945,57.08000183105469,59.400001525878906,62.41999816894531,105.94000244140625,62.16999816894531
2020-07-29,26388.439453125,37.0099983215332,23.969999313354492,106.01000213623047,36.04999923706055,56.93000030517578,60.560001373291016,62.650001525878906,106.01000213623047,61.189998626708984
2020-07-30,26367.419921875,36.88999938964844,24.0,106.16999816894531,36.130001068115234,56.630001068115234,60.290000915527344,62.61000061035156,105.8499984741211,60.56999969482422
2020-07-31,26409.330078125,35.650001525878906,24.010000228881836,109.44000244140625,36.25,58.380001068115234,60.56999969482422,62.5099983215332,105.80999755859375,60.40999984741211
2020-08-03,26542.3203125,36.02000045776367,24.1299991607666,111.93000030517578,36.130001068115234,58.279998779296875,60.790000915527344,62.72999954223633,106.19000244140625,60.66999816894531
2020-08-04,26664.609375,36.040000915527344,24.0,112.91000366210938,35.689998626708984,58.15999984741211,60.130001068115234,62.439998626708984,106.37999725341797,59.779998779296875
2020-08-05,26924.779296875,37.77000045776367,24.15999984741211,113.80000305175781,36.349998474121094,58.720001220703125,60.959999084472656,63.40999984741211,106.7300033569336,61.439998626708984
2020-08-06,27170.8203125,37.220001220703125,24.25,113.7699966430664,35.869998931884766,58.54999923706055,59.9900016784668,63.029998779296875,106.51000213623047,61.68000030517578
2020-08-07,27321.6796875,36.79999923706055,24.200000762939453,115.0,35.86000061035156,59.849998474121094,60.15999984741211,63.06999969482422,105.95999908447266,61.18000030517578
2020-08-10,27488.2109375,37.459999084472656,24.979999542236328,113.95999908447266,36.58000183105469,59.90999984741211,61.689998626708984,63.58000183105469,106.43000030517578,61.77000045776367
2020-08-11,27961.640625,39.08000183105469,25.489999771118164,113.05000305175781,36.75,59.65999984741211,61.540000915527344,64.13999938964844,106.63999938964844,62.849998474121094
2020-08-12,27860.240234375,38.779998779296875,25.760000228881836,112.27999877929688,36.0,59.16999816894531,60.31999969482422,63.65999984741211,105.94999694824219,62.95000076293945
2020-08-13,27922.509765625,38.27000045776367,25.049999237060547,114.06999969482422,36.09000015258789,59.599998474121094,60.7599983215332,64.08000183105469,107.0199966430664,62.27000045776367
2020-08-14,27828.9296875,37.529998779296875,24.959999084472656,114.01000213623047,35.75,59.88999938964844,60.779998779296875,64.0999984741211,106.80999755859375,62.279998779296875
2020-08-17,27970.05078125,38.20000076293945,25.09000015258789,114.56999969482422,35.849998474121094,60.060001373291016,60.43000030517578,64.30999755859375,106.98999786376953,63.119998931884766
2020-08-18,27853.48046875,37.83000183105469,24.780000686645508,114.86000061035156,36.25,60.060001373291016,60.2599983215332,64.62000274658203,107.6500015258789,63.11000061035156
2020-08-19,27811.259765625,37.459999084472656,24.690000534057617,115.36000061035156,36.209999084472656,60.4900016784668,60.18000030517578,64.69000244140625,107.5,62.88999938964844
2020-08-20,27622.6796875,36.5099983215332,24.309999465942383,114.5,35.2599983215332,60.029998779296875,59.61000061035156,63.900001525878906,106.58000183105469,62.0
2020-08-21,27758.130859375,36.119998931884766,24.31999969482422,116.56999969482422,35.869998931884766,60.880001068115234,59.369998931884766,64.05999755859375,106.54000091552734,61.779998779296875
2020-08-24,28077.580078125,36.25,24.450000762939453,119.63999938964844,35.95000076293945,61.189998626708984,59.59000015258789,64.41000366210938,107.33000183105469,62.68000030517578
2020-08-25,28347.419921875,37.220001220703125,25.100000381469727,118.69000244140625,36.060001373291016,61.5099983215332,60.04999923706055,65.0,106.87000274658203,63.20000076293945
2020-08-26,28257.880859375,36.45000076293945,24.899999618530273,120.80999755859375,35.959999084472656,62.20000076293945,59.15999984741211,64.58000183105469,106.83000183105469,62.66999816894531
2020-08-27,28384.0703125,35.7400016784668,24.81999969482422,122.5,35.900001525878906,64.1500015258789,58.880001068115234,64.91000366210938,107.0999984741211,63.61000061035156
2020-08-28,28601.2890625,35.939998626708984,25.440000534057617,122.56999969482422,36.349998474121094,63.56999969482422,59.02000045776367,65.5,108.05999755859375,63.529998779296875
2020-08-31,28643.66015625,36.4900016784668,25.34000015258789,123.6500015258789,36.52000045776367,63.5,58.97999954223633,65.52999877929688,107.7699966430664,63.86000061035156
2020-09-01,28439.609375,35.4900016784668,24.93000030517578,124.66000366210938,36.13999938964844,63.380001068115234,59.060001373291016,65.56999969482422,108.12000274658203,62.9900016784668
2020-09-02,28736.7890625,35.400001525878906,25.1200008392334,127.70999908447266,36.2400016784668,64.1500015258789,58.70000076293945,65.94999694824219,107.38999938964844,65.02999877929688
2020-09-03,29090.69921875,35.16999816894531,25.639999389648438,125.0,36.95000076293945,64.55999755859375,60.40999984741211,67.0,109.58000183105469,66.13999938964844
2020-09-04,28341.05078125,35.34000015258789,25.549999237060547,119.12000274658203,36.5,62.61000061035156,59.83000183105469,65.87999725341797,106.83000183105469,64.77999877929688
2020-09-08,27925.23046875,34.209999084472656,25.040000915527344,113.62999725341797,36.0099983215332,60.2599983215332,59.43000030517578,65.37999725341797,105.52999877929688,63.79999923706055
2020-09-09,27711.7109375,33.97999954223633,24.8700008392334,115.52999877929688,36.029998779296875,60.970001220703125,59.47999954223633,64.52999877929688,104.73999786376953,64.01000213623047
2020-09-10,28022.509765625,33.93000030517578,24.969999313354492,118.05999755859375,36.13999938964844,61.2400016784668,59.59000015258789,65.08999633789062,106.0999984741211,65.18000030517578
2020-09-11,27613.859375,32.65999984741211,24.579999923706055,114.9000015258789,35.77000045776367,60.34000015258789,58.91999816894531,64.48999786376953,104.66999816894531,64.76000213623047
2020-09-14,27718.740234375,32.709999084472656,24.93000030517578,114.83999633789062,35.790000915527344,60.43000030517578,59.220001220703125,64.97000122070312,105.44000244140625,65.61000061035156
2020-09-15,28139.759765625,33.09000015258789,25.100000381469727,117.08999633789062,36.52000045776367,60.65999984741211,60.349998474121094,65.2300033569336,106.63999938964844,66.33999633789062
2020-09-16,28031.689453125,32.91999816894531,24.760000228881836,116.98999786376953,37.08000183105469,61.08000183105469,59.93000030517578,65.26000213623047,106.80000305175781,66.4800033569336
2020-09-17,27834.1796875,33.400001525878906,24.649999618530273,111.98999786376953,36.81999969482422,59.369998931884766,59.68000030517578,64.1500015258789,105.06999969482422,65.68000030517578
2020-09-18,27864.869140625,33.970001220703125,24.729999542236328,113.91000366210938,36.34000015258789,59.650001525878906,59.560001373291016,64.37999725341797,105.83000183105469,67.08000183105469
2020-09-21,27484.7109375,32.2599983215332,24.030000686645508,109.5,34.9900016784668,57.68000030517578,57.599998474121094,62.880001068115234,103.72000122070312,64.08999633789062
2020-09-22,27170.33984375,31.989999771118164,23.8700008392334,113.70999908447266,34.529998779296875,58.459999084472656,57.689998626708984,62.869998931884766,103.01000213623047,63.2599983215332
2020-09-23,27413.599609375,31.760000228881836,23.780000686645508,114.27999877929688,34.790000915527344,59.16999816894531,58.09000015258789,63.400001525878906,103.38999938964844,63.209999084472656
2020-09-24,26716.08984375,30.100000381469727,23.209999084472656,109.62999725341797,33.869998931884766,57.279998779296875,57.06999969482422,62.25,101.54000091552734,61.439998626708984
2020-09-25,26694.509765625,29.889999389648438,23.079999923706055,111.33999633789062,33.880001068115234,57.68000030517578,57.52000045776367,62.38999938964844,101.04000091552734,61.33000183105469
2020-09-28,27362.140625,30.729999542236328,23.81999969482422,115.83000183105469,35.119998931884766,59.400001525878906,58.97999954223633,63.560001373291016,104.01000213623047,63.349998474121094
2020-09-29,27560.240234375,30.799999237060547,23.979999542236328,115.97000122070312,35.16999816894531,59.369998931884766,59.04999923706055,63.779998779296875,104.12999725341797,63.5099983215332
2020-09-30,27514.640625,30.229999542236328,23.850000381469727,115.66999816894531,35.2599983215332,59.41999816894531,59.220001220703125,63.59000015258789,104.13999938964844,63.279998779296875
2020-10-01,27940.630859375,29.6200008392334,24.170000076293945,118.31999969482422,35.400001525878906,59.88999938964844,59.529998779296875,64.47000122070312,105.97000122070312,63.939998626708984
2020-10-02,27536.390625,28.25,23.790000915527344,115.02999877929688,35.310001373291016,59.279998779296875,59.5,63.81999969482422,104.12000274658203,62.029998779296875
2020-10-05,27825.419921875,29.56999969482422,24.530000686645508,115.76000213623047,36.529998779296875,59.43000030517578,60.849998474121094,64.25,104.91000366210938,63.810001373291016
2020-10-06,28214.240234375,30.6299991607666,24.90999984741211,117.18000030517578,36.72999954223633,59.75,61.4900016784668,64.68000030517578,106.5999984741211,64.83000183105469
2020-10-07,27971.359375,29.90999984741211,24.68000030517578,116.8499984741211,36.560001373291016,59.279998779296875,62.290000915527344,64.4800033569336,105.62999725341797,64.51000213623047
2020-10-08,28348.859375,30.40999984741211,25.0,118.79000091552734,36.650001525878906,59.5099983215332,62.619998931884766,65.08999633789062,107.48999786376953,65.83999633789062
2020-10-09,28533.609375,31.56999969482422,25.34000015258789,118.93000030517578,37.2400016784668,60.279998779296875,63.84000015258789,65.48999786376953,107.98999786376953,66.55000305175781
2020-10-12,28671.119140625,30.690000534057617,25.209999084472656,121.94999694824219,37.0,61.220001220703125,63.52000045776367,66.0199966430664,108.8499984741211,66.88999938964844
2020-10-13,28764.94921875,30.8700008392334,25.43000030517578,123.86000061035156,37.0,62.2400016784668,63.439998626708984,66.30000305175781,108.44999694824219,65.93000030517578
2020-10-14,28731.30078125,30.459999084472656,25.040000915527344,122.97000122070312,36.540000915527344,62.2400016784668,63.52000045776367,66.44000244140625,108.2300033569336,65.87999725341797
2020-10-15,28323.400390625,30.0,24.549999237060547,120.0,35.849998474121094,60.5099983215332,62.7599983215332,65.62999725341797,106.30999755859375,65.08000183105469
2020-10-16,28570.720703125,30.829999923706055,25.020000457763672,122.13999938964844,36.27000045776367,61.16999816894531,63.400001525878906,66.3499984741211,107.20999908447266,66.19999694824219
2020-10-19,28633.55078125,30.299999237060547,25.079999923706055,121.7300033569336,36.189998626708984,61.0,63.970001220703125,66.16999816894531,108.19999694824219,66.48999786376953
2020-10-20,28245.849609375,29.719999313354492,24.770000457763672,119.3499984741211,35.7400016784668,59.81999969482422,63.720001220703125,65.94999694824219,106.58999633789062,65.88999938964844
2020-10-21,28270.66015625,29.729999542236328,24.770000457763672,119.0199966430664,35.66999816894531,60.86000061035156,63.70000076293945,65.16999816894531,106.33999633789062,65.63999938964844
2020-10-22,28197.419921875,29.3799991607666,24.670000076293945,119.18000030517578,35.63999938964844,61.33000183105469,63.7599983215332,65.30999755859375,105.97000122070312,65.37000274658203
2020-10-23,28409.650390625,30.700000762939453,25.329999923706055,118.73999786376953,35.540000915527344,61.7400016784668,64.88999938964844,65.5,107.95999908447266,66.2300033569336
2020-10-26,28185.8203125,29.8700008392334,24.889999389648438,117.12999725341797,35.36000061035156,61.56999969482422,64.25,64.88999938964844,106.94999694824219,65.16999816894531
2020-10-27,27651.1796875,29.270000457763672,24.670000076293945,116.43000030517578,35.2599983215332,60.9900016784668,64.8499984741211,64.58999633789062,106.2300033569336,64.37000274658203
2020-10-28,27102.140625,28.209999084472656,23.719999313354492,114.23999786376953,34.189998626708984,60.06999969482422,63.779998779296875,63.459999084472656,104.13999938964844,62.18000030517578
2020-10-29,26480.98046875,27.350000381469727,23.549999237060547,111.94000244140625,34.060001373291016,59.439998626708984,62.56999969482422,62.34000015258789,102.45999908447266,61.7599983215332
2020-10-30,26572.26953125,28.360000610351562,23.649999618530273,111.77999877929688,34.15999984741211,60.369998931884766,62.619998931884766,62.2400016784668,101.55999755859375,62.959999084472656
2020-11-02,26691.279296875,29.110000610351562,24.260000228881836,111.70999908447266,34.529998779296875,59.630001068115234,63.22999954223633,63.150001525878906,103.16000366210938,64.12999725341797
2020-11-03,27138.689453125,30.200000762939453,24.760000228881836,112.01000213623047,35.27000045776367,59.630001068115234,64.55000305175781,63.88999938964844,104.76000213623047,66.05999755859375
2020-11-04,27512.830078125,29.56999969482422,24.40999984741211,116.54000091552734,35.689998626708984,61.72999954223633,64.29000091552734,64.6500015258789,107.98999786376953,65.98999786376953
2020-11-05,28083.369140625,29.610000610351562,24.770000457763672,120.58999633789062,35.91999816894531,63.709999084472656,64.37000274658203,65.06999969482422,111.16999816894531,66.66999816894531
2020-11-06,28399.130859375,29.56999969482422,25.280000686645508,120.86000061035156,35.79999923706055,63.88999938964844,64.30999755859375,64.88999938964844,110.0,68.22000122070312
2020-11-09,29467.900390625,32.400001525878906,26.979999542236328,124.16000366210938,37.349998474121094,64.66000366210938,65.98999786376953,66.63999938964844,113.91999816894531,71.26000213623047
2020-11-10,29254.169921875,33.68000030517578,27.040000915527344,119.6500015258789,36.619998931884766,62.459999084472656,65.66999816894531,64.93000030517578,111.45999908447266,69.81999969482422
2020-11-11,29524.349609375,34.5,27.299999237060547,119.6500015258789,36.959999084472656,63.400001525878906,66.5999984741211,66.5999984741211,112.16000366210938,70.4000015258789
2020-11-12,29231.91015625,33.189998626708984,26.709999084472656,121.26000213623047,36.939998626708984,63.4900016784668,66.12000274658203,66.61000061035156,110.91999816894531,68.98999786376953
2020-11-13,29203.900390625,32.939998626708984,26.84000015258789,121.08999633789062,36.869998931884766,63.630001068115234,65.76000213623047,66.86000061035156,111.2699966430664,68.3499984741211
2020-11-16,29672.359375,35.31999969482422,27.709999084472656,121.20999908447266,38.189998626708984,64.12999725341797,66.91000366210938,68.1500015258789,113.01000213623047,70.12000274658203
2020-11-17,29800.150390625,35.63999938964844,27.31999969482422,121.76000213623047,37.52000045776367,64.22000122070312,66.33000183105469,67.63999938964844,111.36000061035156,69.93000030517578
2020-11-18,29875.400390625,36.790000915527344,27.719999313354492,121.4800033569336,37.79999923706055,64.25,65.79000091552734,67.7699966430664,111.44000244140625,70.33999633789062
2020-11-19,29370.919921875,35.16999816894531,27.190000534057617,120.1500015258789,37.08000183105469,63.369998931884766,64.0999984741211,66.55999755859375,109.12999725341797,69.3499984741211
2020-11-20,29437.5703125,35.90999984741211,27.280000686645508,121.47000122070312,37.2400016784668,64.08000183105469,63.41999816894531,66.81999969482422,108.80000305175781,69.80000305175781
2020-11-23,29332.8203125,36.369998931884766,27.530000686645508,120.4800033569336,37.150001525878906,64.11000061035156,63.790000915527344,66.62000274658203,109.33999633789062,70.30999755859375
2020-11-24,29746.109375,39.630001068115234,28.170000076293945,120.54000091552734,37.2400016784668,64.08000183105469,64.05999755859375,66.91999816894531,109.05000305175781,70.98999786376953
2020-11-25,30058.869140625,40.04999923706055,28.5,122.16999816894531,36.869998931884766,65.3499984741211,64.1500015258789,66.94000244140625,108.97000122070312,71.95999908447266
2020-11-27,29911.330078125,39.150001525878906,28.559999465942383,122.66000366210938,37.060001373291016,65.5199966430664,64.37999725341797,67.0999984741211,108.87999725341797,71.66000366210938
2020-11-30,29854.509765625,38.47999954223633,28.299999237060547,122.62000274658203,36.79999923706055,65.4800033569336,63.58000183105469,66.75,109.4800033569336,71.61000061035156
2020-12-01,29797.5,37.779998779296875,28.399999618530273,124.5,36.869998931884766,65.81999969482422,63.310001373291016,67.20999908447266,110.80000305175781,72.19999694824219
2020-12-02,29695.08984375,36.810001373291016,28.270000457763672,124.52999877929688,36.86000061035156,66.51000213623047,62.97999954223633,67.2699966430664,110.73999786376953,71.55000305175781
2020-12-03,29920.830078125,38.29999923706055,28.639999389648438,125.01000213623047,36.63999938964844,67.1500015258789,63.599998474121094,66.7699966430664,111.44999694824219,71.05000305175781
2020-12-04,29989.560546875,39.22999954223633,28.81999969482422,124.97000122070312,37.04999923706055,66.91999816894531,63.099998474121094,67.16999816894531,111.38999938964844,70.66000366210938
2020-12-07,30233.029296875,40.150001525878906,28.809999465942383,126.11000061035156,37.279998779296875,66.91999816894531,62.20000076293945,67.5,112.41999816894531,71.7300033569336
2020-12-08,29997.94921875,39.189998626708984,28.510000228881836,126.27999877929688,36.81999969482422,67.33000183105469,62.349998474121094,67.12999725341797,111.58000183105469,70.91999816894531
2020-12-09,30229.810546875,40.68000030517578,28.93000030517578,126.7300033569336,36.83000183105469,67.38999938964844,62.619998931884766,67.83999633789062,113.1500015258789,71.98999786376953
2020-12-10,30032.55078125,40.40999984741211,28.479999542236328,123.62000274658203,36.310001373291016,66.12999725341797,62.43000030517578,67.44999694824219,112.29000091552734,71.37000274658203
2020-12-11,29988.2109375,41.31999969482422,28.43000030517578,123.80999755859375,36.099998474121094,66.44000244140625,61.880001068115234,66.91000366210938,111.66000366210938,70.83000183105469
2020-12-14,30123.91015625,41.75,28.84000015258789,124.68000030517578,36.58000183105469,67.12000274658203,62.68000030517578,67.6500015258789,112.52999877929688,71.5199966430664
2020-12-15,29919.08984375,39.900001525878906,28.350000381469727,126.0999984741211,36.20000076293945,67.05999755859375,62.209999084472656,67.3499984741211,111.61000061035156,70.66999816894531
2020-12-16,30191.380859375,40.560001373291016,28.65999984741211,127.0,36.709999084472656,67.38999938964844,63.2599983215332,67.2699966430664,111.94000244140625,71.43000030517578
2020-12-17,30216.0,40.619998931884766,28.709999084472656,128.6199951171875,36.849998474121094,67.47000122070312,62.630001068115234,67.58999633789062,111.88999938964844,71.73999786376953
2020-12-18,30314.259765625,39.9900016784668,28.780000686645508,128.88999938964844,37.11000061035156,67.20999908447266,62.84000015258789,67.87999725341797,113.0199966430664,71.95999908447266
2020-12-21,30159.0,37.40999984741211,28.670000076293945,126.33000183105469,35.529998779296875,66.20999908447266,61.279998779296875,66.62000274658203,110.87000274658203,70.58000183105469
2020-12-22,30200.19921875,38.04999923706055,28.739999771118164,128.7899932861328,35.68000030517578,66.43000030517578,61.0,66.61000061035156,111.20999908447266,71.45999908447266
2020-12-23,30046.73046875,37.810001373291016,28.610000610351562,129.33999633789062,36.02000045776367,66.04000091552734,61.189998626708984,66.37000274658203,111.45999908447266,71.41999816894531
2020-12-24,30155.919921875,38.369998931884766,28.969999313354492,128.42999267578125,35.70000076293945,66.26000213623047,60.90999984741211,66.44000244140625,111.19999694824219,71.19000244140625
2020-12-28,30283.23046875,38.2599983215332,29.149999618530273,130.33999633789062,36.029998779296875,66.80000305175781,61.529998779296875,66.97000122070312,112.05000305175781,72.25
2020-12-29,30492.0703125,38.11000061035156,29.209999084472656,131.22999572753906,36.36000061035156,67.61000061035156,61.630001068115234,67.41999816894531,112.2699966430664,71.68000030517578
2020-12-30,30415.08984375,37.65999984741211,29.09000015258789,130.35000610351562,36.0099983215332,67.6500015258789,61.5099983215332,67.12999725341797,112.51000213623047,71.37000274658203
2020-12-31,30417.640625,38.04999923706055,29.079999923706055,129.88999938964844,36.130001068115234,66.86000061035156,61.790000915527344,67.05000305175781,112.2699966430664,72.20999908447266
2021-01-04,30627.470703125,38.34000015258789,29.59000015258789,130.67999267578125,36.63999938964844,67.75,62.810001373291016,67.41999816894531,113.87999725341797,73.02999877929688
2021-01-05,30204.25,38.369998931884766,29.06999969482422,127.61000061035156,35.400001525878906,66.31999969482422,61.25,66.62000274658203,112.75,71.58000183105469
2021-01-06,30362.779296875,40.439998626708984,29.770000457763672,126.88999938964844,35.349998474121094,65.69000244140625,61.459999084472656,66.58999633789062,112.18000030517578,74.0999984741211
2021-01-07,30901.1796875,41.22999954223633,30.950000762939453,127.7300033569336,35.25,66.69999694824219,62.970001220703125,66.81999969482422,115.4800033569336,76.7699966430664
2021-01-08,31069.580078125,42.0,31.09000015258789,130.55999755859375,35.369998931884766,67.30999755859375,61.88999938964844,66.62000274658203,117.04000091552734,77.0199966430664
2021-01-11,31015.369140625,40.52000045776367,30.6200008392334,129.49000549316406,35.470001220703125,66.51000213623047,62.099998474121094,66.52999877929688,117.41999816894531,75.37999725341797
2021-01-12,31015.009765625,42.58000183105469,31.200000762939453,129.52000427246094,34.9900016784668,66.19000244140625,61.650001525878906,66.33000183105469,117.70999908447266,76.44000244140625
2021-01-13,31084.880859375,43.689998626708984,31.290000915527344,129.22999572753906,35.06999969482422,65.19000244140625,61.61000061035156,66.04000091552734,116.5999984741211,77.4000015258789
2021-01-14,31085.669921875,43.470001220703125,31.40999984741211,130.1999969482422,35.66999816894531,65.56999969482422,62.63999938964844,66.2699966430664,117.16999816894531,76.94000244140625
2021-01-15,30926.76953125,43.689998626708984,31.0,128.5500030517578,35.709999084472656,65.08999633789062,62.25,65.62000274658203,116.29000091552734,75.72000122070312
2021-01-19,30887.419921875,43.27000045776367,31.100000381469727,128.3000030517578,36.52000045776367,65.73999786376953,63.33000183105469,65.8499984741211,117.9000015258789,75.94999694824219
2021-01-20,31017.5390625,43.97999954223633,31.1200008392334,130.07000732421875,36.189998626708984,67.80000305175781,62.72999954223633,65.31999969482422,118.05000305175781,75.97000122070312
2021-01-21,31198.009765625,43.529998779296875,30.8700008392334,132.35000610351562,36.70000076293945,68.8499984741211,62.970001220703125,65.36000061035156,118.3499984741211,75.76000213623047
2021-01-22,31141.560546875,41.36000061035156,30.25,132.77999877929688,36.54999923706055,68.73999786376953,62.56999969482422,65.19000244140625,117.58999633789062,73.9000015258789
2021-01-25,30989.849609375,41.61000061035156,30.040000915527344,134.3300018310547,36.810001373291016,69.29000091552734,62.619998931884766,64.87000274658203,117.66000366210938,74.08000183105469
2021-01-26,30968.55078125,42.0099983215332,30.239999771118164,134.41000366210938,37.20000076293945,69.16999816894531,64.01000213623047,65.80000305175781,118.69999694824219,74.44999694824219
2021-01-27,30893.779296875,40.08000183105469,29.469999313354492,133.38999938964844,37.29999923706055,69.58000183105469,62.95000076293945,65.94000244140625,116.62000274658203,71.8499984741211
2021-01-28,30377.189453125,40.529998779296875,29.3700008392334,132.1699981689453,37.119998931884766,68.5199966430664,61.959999084472656,65.31999969482422,115.30999755859375,71.52999877929688
2021-01-29,30553.91015625,40.099998474121094,29.459999084472656,131.3800048828125,36.869998931884766,67.7300033569336,62.16999816894531,65.19000244140625,115.83999633789062,71.73999786376953
2021-02-01,30054.73046875,39.79999923706055,29.270000457763672,130.4600067138672,36.9900016784668,67.47000122070312,62.54999923706055,64.36000061035156,115.97000122070312,71.37000274658203
2021-02-02,30276.880859375,40.54999923706055,29.670000076293945,133.44000244140625,37.779998779296875,68.58000183105469,62.65999984741211,64.4000015258789,116.37999725341797,72.0
2021-02-03,30689.650390625,40.2400016784668,30.0,134.22000122070312,37.70000076293945,70.2699966430664,62.88999938964844,64.43000030517578,115.80000305175781,72.61000061035156
2021-02-04,30737.779296875,42.04999923706055,30.309999465942383,134.2100067138672,37.650001525878906,70.2300033569336,62.72999954223633,64.73999786376953,114.9800033569336,72.33999633789062
2021-02-05,31093.810546875,42.86000061035156,31.100000381469727,136.02999877929688,37.91999816894531,70.91000366210938,63.529998779296875,65.55000305175781,116.25,72.98999786376953
2021-02-08,31191.19921875,43.18000030517578,30.989999771118164,135.8699951171875,37.959999084472656,71.75,63.72999954223633,65.97000122070312,116.08000183105469,74.16000366210938
2021-02-09,31359.880859375,43.9900016784668,31.190000534057617,136.3800048828125,38.099998474121094,71.51000213623047,63.209999084472656,66.0199966430664,115.80000305175781,74.18000030517578
2021-02-10,31428.01953125,44.02000045776367,31.459999084472656,137.1300048828125,38.380001068115234,72.58000183105469,63.560001373291016,66.26000213623047,116.81999969482422,74.06999969482422
2021-02-11,31466.490234375,44.56999969482422,31.31999969482422,137.3000030517578,38.5,72.76000213623047,63.40999984741211,65.94999694824219,116.5999984741211,73.7300033569336
2021-02-12,31420.80078125,43.709999084472656,31.170000076293945,137.52000427246094,38.290000915527344,72.5999984741211,62.88999938964844,65.52999877929688,116.18000030517578,73.41999816894531
2021-02-16,31472.080078125,45.70000076293945,31.84000015258789,139.13999938964844,38.43000030517578,73.0,62.54999923706055,65.80999755859375,117.43000030517578,74.62000274658203
2021-02-17,31485.609375,46.2599983215332,31.959999084472656,136.8699951171875,37.939998626708984,72.91999816894531,61.9900016784668,65.31999969482422,115.73999786376953,73.98999786376953
2021-02-18,31558.599609375,46.27000045776367,31.989999771118164,135.5,37.84000015258789,73.05999755859375,61.869998931884766,65.22000122070312,115.97000122070312,73.97000122070312
2021-02-19,31504.130859375,45.47999954223633,32.2400016784668,136.9499969482422,38.150001525878906,73.41000366210938,62.349998474121094,65.81999969482422,115.9000015258789,74.12000274658203
2021-02-22,31381.119140625,46.4900016784668,32.29999923706055,134.3800048828125,38.029998779296875,71.79000091552734,61.2400016784668,64.7699966430664,113.86000061035156,74.95999908447266
2021-02-23,31501.890625,48.349998474121094,32.939998626708984,130.83999633789062,38.540000915527344,71.54000091552734,60.45000076293945,65.20999908447266,114.05999755859375,75.30000305175781
2021-02-24,31499.75,48.88999938964844,32.959999084472656,131.69000244140625,38.45000076293945,72.01000213623047,60.560001373291016,64.91999816894531,114.08000183105469,75.63999938964844
2021-02-25,31955.939453125,50.810001373291016,33.81999969482422,133.50999450683594,38.63999938964844,72.91000366210938,59.880001068115234,64.94999694824219,114.58000183105469,76.11000061035156
2021-02-26,31401.2890625,48.65999984741211,32.88999938964844,131.2899932861328,38.119998931884766,71.69000244140625,59.65999984741211,64.47000122070312,113.98999786376953,74.30999755859375
2021-03-01,31065.900390625,49.41999816894531,32.86000061035156,132.91000366210938,37.7599983215332,72.5199966430664,59.099998474121094,63.75,113.52999877929688,74.5199966430664
2021-03-02,31535.369140625,49.58000183105469,33.279998779296875,135.08999633789062,37.400001525878906,73.41999816894531,59.7400016784668,63.869998931884766,114.31999969482422,75.62999725341797
2021-03-03,31352.9609375,49.4900016784668,33.33000183105469,132.1199951171875,37.150001525878906,72.7699966430664,59.380001068115234,63.65999984741211,113.33000183105469,75.55000305175781
2021-03-04,31289.009765625,50.29999923706055,33.369998931884766,129.02000427246094,36.810001373291016,71.80999755859375,58.810001373291016,63.65999984741211,112.05999755859375,74.95999908447266
2021-03-05,31029.1796875,52.4900016784668,33.63999938964844,128.13999938964844,36.70000076293945,72.30000305175781,58.970001220703125,63.56999969482422,111.44999694824219,74.37999725341797
2021-03-08,31512.150390625,53.470001220703125,33.959999084472656,128.8300018310547,36.93000030517578,73.43000030517578,59.849998474121094,64.72000122070312,113.11000061035156,75.55999755859375
2021-03-09,31892.349609375,52.75,33.869998931884766,128.77000427246094,37.209999084472656,73.55000305175781,60.849998474121094,65.19999694824219,113.56999969482422,76.83000183105469
2021-03-10,31906.9609375,52.20000076293945,33.9900016784668,131.50999450683594,37.47999954223633,74.11000061035156,61.29999923706055,64.97000122070312,114.1500015258789,77.16999816894531
2021-03-11,32354.5,53.54999923706055,34.34000015258789,131.5399932861328,37.91999816894531,74.2300033569336,61.630001068115234,65.83999633789062,114.05000305175781,78.77999877929688
2021-03-12,32462.400390625,53.560001373291016,34.81999969482422,130.77999877929688,38.33000183105469,74.30000305175781,61.849998474121094,65.8499984741211,114.11000061035156,78.47000122070312
2021-03-15,32798.83984375,53.45000076293945,34.900001525878906,131.50999450683594,39.060001373291016,74.87999725341797,62.5,66.38999938964844,114.38999938964844,78.69000244140625
2021-03-16,32966.75,52.08000183105469,34.38999938964844,133.8300018310547,39.529998779296875,75.6500015258789,63.060001373291016,66.36000061035156,115.51000213623047,78.70999908447266
2021-03-17,32825.51953125,51.29999923706055,34.459999084472656,132.72999572753906,39.400001525878906,75.43299865722656,63.2400016784668,66.55000305175781,114.81999969482422,78.05999755859375
2021-03-18,32928.16015625,51.38999938964844,34.790000915527344,131.8699951171875,39.189998626708984,75.0999984741211,62.20000076293945,66.25,114.37000274658203,78.63999938964844
2021-03-19,32858.359375,49.5,34.349998474121094,130.02000427246094,39.16999816894531,74.87999725341797,62.04999923706055,66.22000122070312,114.77999877929688,78.23999786376953
2021-03-22,32601.8203125,48.900001525878906,33.81999969482422,130.02000427246094,38.279998779296875,75.48999786376953,61.599998474121094,65.91000366210938,114.5999984741211,77.55000305175781
2021-03-23,32691.5,47.560001373291016,33.43000030517578,132.22999572753906,38.7599983215332,75.83000183105469,61.630001068115234,66.70999908447266,115.52999877929688,77.37000274658203
2021-03-24,32470.880859375,48.560001373291016,33.400001525878906,131.83999633789062,38.779998779296875,75.3499984741211,62.369998931884766,66.83999633789062,114.55999755859375,76.44000244140625
2021-03-25,32346.810546875,48.209999084472656,33.2599983215332,128.69000244140625,38.630001068115234,73.04000091552734,62.790000915527344,66.83000183105469,114.54000091552734,76.33999633789062
2021-03-26,32681.0703125,50.099998474121094,34.189998626708984,129.30999755859375,39.13999938964844,73.12999725341797,63.25,67.47000122070312,115.13999938964844,78.48999786376953
2021-03-29,33087.55078125,50.0,33.88999938964844,132.27000427246094,39.77000045776367,72.2699966430664,63.34000015258789,68.37999725341797,116.55000305175781,79.4000015258789
2021-03-30,33127.87890625,49.31999969482422,34.25,131.0500030517578,39.7599983215332,73.02999877929688,63.95000076293945,69.13999938964844,117.25,79.38999938964844
2021-03-31,33116.0390625,49.29999923706055,34.2400016784668,131.72999572753906,39.599998474121094,73.33000183105469,63.599998474121094,68.5,116.76000213623047,79.33999633789062
2021-04-01,33054.578125,49.279998779296875,34.0,134.25999450683594,39.68000030517578,73.9800033569336,63.939998626708984,68.04000091552734,116.93000030517578,78.93000030517578
2021-04-05,33222.37890625,50.209999084472656,34.84000015258789,136.27000427246094,40.369998931884766,74.94000244140625,64.20999908447266,68.2699966430664,116.9800033569336,80.30999755859375
2021-04-06,33500.01953125,49.349998474121094,34.65999984741211,138.05999755859375,40.2400016784668,76.12999725341797,64.61000061035156,68.7300033569336,117.3499984741211,80.33000183105469
2021-04-07,33444.98046875,49.0,34.77000045776367,137.5800018310547,40.45000076293945,76.36000061035156,64.97000122070312,69.26000213623047,116.68000030517578,80.5199966430664
2021-04-08,33469.890625,48.79999923706055,34.709999084472656,139.72000122070312,40.529998779296875,77.33000183105469,65.11000061035156,68.94000244140625,116.83000183105469,79.44000244140625
2021-04-09,33526.19140625,48.5,35.09000015258789,139.91000366210938,40.349998474121094,76.63999938964844,64.94999694824219,69.05000305175781,116.73999786376953,79.55000305175781
2021-04-12,33775.05859375,48.61000061035156,35.220001220703125,141.19000244140625,40.43000030517578,76.69999694824219,64.83000183105469,69.01000213623047,117.77999877929688,80.0
2021-04-13,33721.16015625,47.72999954223633,35.099998474121094,141.6300048828125,40.58000183105469,76.83000183105469,64.62000274658203,68.98999786376953,117.69999694824219,80.19999694824219
2021-04-14,33668.94921875,48.279998779296875,34.880001068115234,142.39999389648438,40.79999923706055,76.63999938964844,65.48999786376953,68.87999725341797,118.41999816894531,80.19999694824219
2021-04-15,33788.53125,49.25,35.2599983215332,142.1999969482422,40.79999923706055,76.44000244140625,65.94999694824219,69.0199966430664,119.0199966430664,81.12000274658203
2021-04-16,34058.16015625,49.150001525878906,35.459999084472656,143.44000244140625,41.52000045776367,77.0999984741211,66.91999816894531,69.69999694824219,121.19999694824219,82.47000122070312
2021-04-19,34182.37890625,48.5,35.38999938964844,142.66000366210938,41.40999984741211,76.63999938964844,67.25,69.81999969482422,121.25,82.66000366210938
2021-04-20,34034.1796875,48.18000030517578,35.09000015258789,141.80999755859375,41.45000076293945,76.2699966430664,66.87000274658203,69.05000305175781,120.94999694824219,82.12999725341797
2021-04-21,33808.30078125,46.470001220703125,34.52000045776367,140.60000610351562,42.060001373291016,75.55999755859375,67.79000091552734,70.0,122.36000061035156,81.51000213623047
2021-04-22,34109.87890625,47.900001525878906,35.08000183105469,142.02000427246094,42.130001068115234,76.30999755859375,67.0999984741211,70.1500015258789,123.31999969482422,82.87000274658203
2021-04-23,33804.51953125,47.150001525878906,34.72999954223633,140.86000061035156,42.11000061035156,75.9000015258789,66.69999694824219,69.61000061035156,122.80999755859375,81.93000030517578
2021-04-26,34044.23046875,47.36000061035156,35.5099983215332,142.75,42.40999984741211,76.61000061035156,66.61000061035156,69.52999877929688,123.61000061035156,83.23999786376953
2021-04-27,33932.12890625,48.040000915527344,35.56999969482422,143.66000366210938,42.470001220703125,76.7300033569336,66.0999984741211,68.75,122.94999694824219,83.02999877929688
2021-04-28,33860.4609375,48.79999923706055,35.939998626708984,142.25,42.400001525878906,77.33999633789062,65.72000122070312,69.0199966430664,122.3499984741211,83.22000122070312
2021-04-29,33855.640625,50.83000183105469,36.220001220703125,142.91000366210938,42.40999984741211,78.80999755859375,65.5999984741211,68.76000213623047,122.30999755859375,83.91999816894531
2021-04-30,33988.75,49.95000076293945,36.380001068115234,140.19000244140625,42.34000015258789,78.1500015258789,66.33999633789062,69.5199966430664,121.20999908447266,83.56999969482422
2021-05-03,33904.890625,49.959999084472656,36.56999969482422,140.4499969482422,42.869998931884766,78.36000061035156,66.87000274658203,69.7300033569336,121.98999786376953,83.75
2021-05-04,34080.19921875,50.849998474121094,36.279998779296875,138.27000427246094,42.45000076293945,77.20999908447266,66.63999938964844,70.0,122.52999877929688,83.7300033569336
2021-05-05,34163.98828125,51.40999984741211,36.84000015258789,137.92999267578125,42.220001220703125,77.41000366210938,66.45999908447266,69.7699966430664,123.01000213623047,85.54000091552734
2021-05-06,34245.109375,52.40999984741211,37.18000030517578,136.4199981689453,41.68000030517578,76.69999694824219,65.5199966430664,69.87000274658203,122.36000061035156,86.44999694824219
2021-05-07,34578.26953125,52.150001525878906,37.150001525878906,139.22999572753906,41.81999969482422,78.2699966430664,65.80000305175781,70.52999877929688,123.51000213623047,87.02999877929688
2021-05-10,34785.26953125,54.29999923706055,37.97999954223633,138.36000061035156,42.58000183105469,77.88999938964844,66.18000030517578,70.94000244140625,124.5199966430664,88.88999938964844
2021-05-11,34572.73828125,52.529998779296875,37.369998931884766,132.92999267578125,42.11000061035156,75.6500015258789,66.63999938964844,71.20999908447266,123.58000183105469,86.77999877929688
2021-05-12,34206.3984375,52.540000915527344,37.369998931884766,133.1199951171875,41.88999938964844,75.62000274658203,65.81999969482422,70.4000015258789,122.2300033569336,87.44000244140625
2021-05-13,33624.73828125,51.88999938964844,36.560001373291016,132.75,41.119998931884766,75.52999877929688,64.41999816894531,69.61000061035156,121.94999694824219,85.69000244140625
2021-05-14,34050.859375,52.45000076293945,37.5,134.5399932861328,41.77000045776367,76.27999877929688,65.75,70.87000274658203,123.54000091552734,87.26000213623047
2021-05-17,34375.2890625,53.29999923706055,37.7599983215332,135.17999267578125,41.90999984741211,77.06999969482422,65.87999725341797,70.94999694824219,123.30999755859375,87.95999908447266
2021-05-18,34351.1796875,54.650001525878906,37.91999816894531,135.3699951171875,41.95000076293945,76.47000122070312,65.2300033569336,70.88999938964844,123.18000030517578,88.83000183105469
2021-05-19,33945.80859375,52.209999084472656,36.9900016784668,131.82000732421875,41.72999954223633,74.61299896240234,65.05000305175781,70.25,122.45999908447266,86.4800033569336
2021-05-20,33906.30078125,52.11000061035156,37.25,134.91000366210938,41.81999969482422,76.19999694824219,65.37000274658203,70.37000274658203,123.01000213623047,86.51000213623047
2021-05-21,34121.91015625,52.56999969482422,37.36000061035156,137.63999938964844,42.5099983215332,77.4800033569336,65.9800033569336,71.19000244140625,124.75,86.88999938964844
2021-05-24,34253.87109375,52.52000045776367,37.7400016784668,137.32000732421875,42.58000183105469,77.44000244140625,66.4800033569336,71.11000061035156,125.0,87.11000061035156
2021-05-25,34428.66015625,52.54999923706055,37.810001373291016,139.1699981689453,42.900001525878906,78.68000030517578,66.11000061035156,71.27999877929688,124.66000366210938,87.54000091552734
2021-05-26,34336.33984375,51.65999984741211,37.52000045776367,138.85000610351562,43.0,78.47000122070312,65.27999877929688,71.29000091552734,124.08000183105469,86.66000366210938
2021-05-27,34432.46875,52.279998779296875,37.83000183105469,138.52000427246094,43.15999984741211,78.8479995727539,65.4800033569336,71.22000122070312,123.6500015258789,87.37000274658203
2021-05-28,34558.5,52.400001525878906,38.09000015258789,138.61000061035156,43.22800064086914,79.2699966430664,65.19999694824219,70.7699966430664,123.58999633789062,87.54000091552734
2021-06-01,34584.19140625,53.2400016784668,38.369998931884766,139.02000427246094,43.47999954223633,79.08000183105469,65.30999755859375,71.08000183105469,123.75,88.2699966430664
2021-06-02,34614.62109375,54.54999923706055,38.34000015258789,138.0,44.11000061035156,78.98999786376953,64.86000061035156,70.66999816894531,121.68000030517578,88.5999984741211
2021-06-03,34550.30859375,55.0,38.15999984741211,137.5500030517578,44.44200134277344,78.05000305175781,64.80000305175781,70.62000274658203,120.87999725341797,87.12000274658203
2021-06-04,34618.69140625,55.7400016784668,38.41999816894531,138.22000122070312,44.66999816894531,78.38999938964844,65.66000366210938,71.4800033569336,122.33999633789062,88.08999633789062
2021-06-07,34766.19921875,55.7400016784668,38.529998779296875,139.89999389648438,44.619998931884766,79.05999755859375,65.44999694824219,71.52999877929688,122.38999938964844,87.94999694824219
2021-06-08,34645.83984375,55.31999969482422,38.0099983215332,140.66000366210938,45.06999969482422,79.81999969482422,65.6500015258789,71.41999816894531,122.83000183105469,86.87999725341797
2021-06-09,34626.16015625,56.150001525878906,37.970001220703125,140.67999267578125,45.380001068115234,79.7300033569336,65.11000061035156,70.66999816894531,122.45999908447266,86.83000183105469
2021-06-10,34502.51171875,56.38999938964844,38.08000183105469,140.38999938964844,45.290000915527344,79.37000274658203,65.58000183105469,70.58999633789062,123.62999725341797,86.9800033569336
2021-06-11,34499.80859375,55.77000045776367,37.38999938964844,141.30999755859375,45.779998779296875,79.83999633789062,65.95999908447266,71.04000091552734,125.25,86.41000366210938
2021-06-14,34472.51953125,55.58000183105469,37.4900016784668,142.11000061035156,45.45000076293945,79.87000274658203,66.12000274658203,70.87999725341797,124.4800033569336,85.87999725341797
2021-06-15,34397.1015625,55.4900016784668,37.18000030517578,143.3000030517578,45.70000076293945,80.41000366210938,66.33000183105469,70.95999908447266,124.79000091552734,85.19000244140625
2021-06-16,34308.48046875,56.099998474121094,37.119998931884766,142.8000030517578,45.380001068115234,80.04000091552734,66.62000274658203,70.75,124.83000183105469,84.87999725341797
2021-06-17,34014.37890625,55.75,37.38999938964844,141.35000610351562,44.77000045776367,79.06999969482422,65.4000015258789,69.80000305175781,124.0,83.69999694824219
2021-06-18,33622.69921875,52.86000061035156,35.619998931884766,142.7100067138672,44.790000915527344,79.15899658203125,65.43000030517578,69.55999755859375,124.23999786376953,81.22000122070312
2021-06-21,33312.0703125,52.290000915527344,35.439998626708984,141.88999938964844,44.2400016784668,78.62000274658203,63.810001373291016,68.76000213623047,123.6500015258789,81.33000183105469
2021-06-22,33872.55859375,53.939998626708984,35.9900016784668,143.25999450683594,44.939998626708984,79.27999877929688,64.43000030517578,69.1500015258789,124.81999969482422,82.4000015258789
2021-06-23,33948.5390625,54.93000030517578,36.0,144.6699981689453,44.70000076293945,79.80999755859375,64.0,69.18000030517578,124.83999633789062,82.62999725341797
2021-06-24,33933.91015625,54.83000183105469,36.25,145.4199981689453,44.7400016784668,80.18000030517578,63.439998626708984,68.83000183105469,125.22000122070312,82.47000122070312
2021-06-25,34328.1015625,55.20000076293945,36.68000030517578,145.52999877929688,44.459999084472656,80.52999877929688,63.33000183105469,69.19000244140625,125.08000183105469,82.56999969482422
2021-06-28,34428.1015625,55.099998474121094,36.86000061035156,145.8300018310547,44.779998779296875,80.83999633789062,64.23999786376953,69.7300033569336,125.83000183105469,82.38999938964844
2021-06-29,34338.890625,53.790000915527344,36.849998474121094,146.8300018310547,44.65999984741211,81.56999969482422,64.19000244140625,69.77999877929688,125.9000015258789,82.48999786376953
2021-06-30,34290.73828125,53.369998931884766,36.41999816894531,147.58999633789062,44.65999984741211,81.05000305175781,63.29999923706055,69.58000183105469,125.9000015258789,81.86000061035156
2021-07-01,34507.3203125,55.099998474121094,36.869998931884766,147.4600067138672,44.31999969482422,80.87000274658203,63.349998474121094,70.0,126.04000091552734,82.97000122070312
2021-07-02,34642.421875,54.58000183105469,36.97999954223633,148.6199951171875,44.65999984741211,81.87000274658203,64.08999633789062,69.91999816894531,127.2300033569336,82.87000274658203
2021-07-06,34790.16015625,54.5099983215332,36.849998474121094,150.17999267578125,44.70000076293945,82.27999877929688,64.01000213623047,69.7699966430664,127.91000366210938,82.83999633789062
2021-07-07,34604.171875,52.83000183105469,36.13999938964844,151.38999938964844,45.09000015258789,82.31999969482422,64.31999969482422,69.62000274658203,128.17999267578125,81.66999816894531
2021-07-08,34569.01171875,51.130001068115234,35.83000183105469,148.8699951171875,45.06999969482422,80.7699966430664,64.3499984741211,69.68000030517578,127.77999877929688,81.1500015258789
2021-07-09,34457.51171875,52.40999984741211,36.20000076293945,149.63999938964844,45.529998779296875,80.94999694824219,64.61000061035156,70.0199966430664,128.72999572753906,82.43000030517578
2021-07-12,34836.75,52.25,36.4900016784668,151.8000030517578,45.88999938964844,81.80999755859375,64.52999877929688,70.02999877929688,128.7100067138672,82.4800033569336
2021-07-13,34959.9609375,52.5099983215332,36.95000076293945,151.05999755859375,46.150001525878906,82.13999938964844,64.69999694824219,70.0199966430664,128.8000030517578,83.0999984741211
2021-07-14,34920.828125,52.529998779296875,36.689998626708984,153.16000366210938,45.75,82.4800033569336,64.33999633789062,70.11000061035156,129.1300048828125,82.58999633789062
2021-07-15,34924.80859375,50.2599983215332,36.13999938964844,152.8800048828125,46.06999969482422,82.05000305175781,64.66000366210938,70.52999877929688,128.02999877929688,81.9000015258789
2021-07-16,35007.94140625,50.47999954223633,36.810001373291016,152.10000610351562,46.33000183105469,81.48999786376953,65.68000030517578,71.05000305175781,128.60000610351562,82.4800033569336
2021-07-19,34528.48046875,47.02000045776367,35.41999816894531,148.50999450683594,45.810001373291016,80.20999908447266,66.0,70.80000305175781,127.77999877929688,79.66000366210938
2021-07-20,33981.7890625,46.97999954223633,35.06999969482422,148.97000122070312,45.7400016784668,79.9000015258789,65.27999877929688,70.81999969482422,127.68000030517578,79.13999938964844
2021-07-21,34556.9609375,48.529998779296875,36.27000045776367,150.3699951171875,46.40999984741211,80.5999984741211,65.54000091552734,71.18000030517578,129.33999633789062,80.80999755859375
2021-07-22,34799.6796875,49.20000076293945,36.470001220703125,152.1999969482422,46.029998779296875,81.19000244140625,64.8499984741211,70.48999786376953,129.13999938964844,81.31999969482422
2021-07-23,34855.109375,48.86000061035156,36.54999923706055,153.67999267578125,46.0099983215332,82.43000030517578,65.04000091552734,70.56999969482422,130.52999877929688,81.55999755859375
2021-07-26,35055.859375,48.63999938964844,36.189998626708984,154.1300048828125,46.16999816894531,83.4000015258789,65.58000183105469,71.29000091552734,131.11000061035156,81.93000030517578
2021-07-27,35078.8984375,49.33000183105469,36.189998626708984,154.25,46.2599983215332,83.83000183105469,65.68000030517578,71.5,130.4499969482422,81.91000366210938
2021-07-28,35109.94921875,49.38999938964844,36.59000015258789,153.02999877929688,46.68000030517578,83.80999755859375,66.83000183105469,71.5,131.0500030517578,82.55999755859375
2021-07-29,34985.98828125,50.349998474121094,36.650001525878906,152.6300048828125,46.4900016784668,83.04000091552734,66.47000122070312,71.30000305175781,132.13999938964844,83.3499984741211
2021-07-30,35013.26171875,50.09000015258789,36.709999084472656,152.52000427246094,46.33000183105469,82.16999816894531,66.48999786376953,71.5,131.80999755859375,83.5199966430664
2021-08-02,34968.55859375,49.41999816894531,36.77000045776367,154.08999633789062,46.619998931884766,82.75,66.12000274658203,71.51000213623047,132.6699981689453,84.41999816894531
2021-08-03,34864.1015625,48.86000061035156,36.65999984741211,153.1300048828125,46.529998779296875,82.23999786376953,66.58000183105469,71.2300033569336,132.38999938964844,83.08000183105469
2021-08-04,35047.44140625,48.959999084472656,36.59000015258789,153.7100067138672,46.599998474121094,81.95999908447266,66.58999633789062,71.27999877929688,133.64999389648438,83.51000213623047
2021-08-05,34815.609375,48.810001373291016,36.86000061035156,154.4199981689453,46.689998626708984,82.30999755859375,66.8499984741211,70.97000122070312,133.5,83.45999908447266
2021-08-06,35077.44140625,49.47999954223633,37.459999084472656,154.4499969482422,46.849998474121094,82.6500015258789,67.41999816894531,71.0999984741211,132.99000549316406,83.43000030517578
2021-08-09,35229.671875,48.849998474121094,37.810001373291016,155.0399932861328,46.72999954223633,82.80999755859375,67.5,71.16999816894531,133.1300048828125,83.98999786376953
2021-08-10,35135.171875,49.06999969482422,37.93000030517578,154.63999938964844,46.58000183105469,82.75,67.48999786376953,71.33999633789062,133.52000427246094,84.01000213623047
2021-08-11,35300.890625,49.540000915527344,38.470001220703125,153.77999877929688,46.2400016784668,82.98999786376953,67.6500015258789,71.88999938964844,133.35000610351562,85.95999908447266
2021-08-12,35481.94140625,50.02000045776367,38.84000015258789,153.11000061035156,46.369998931884766,82.9000015258789,68.01000213623047,71.98999786376953,131.9499969482422,86.5199966430664
2021-08-13,35551.55859375,50.040000915527344,38.900001525878906,154.25,46.58000183105469,83.3499984741211,68.33999633789062,72.0,133.19000244140625,86.48999786376953
2021-08-16,35490.828125,48.75,38.33000183105469,154.6199951171875,46.66999816894531,82.9000015258789,68.68000030517578,72.51000213623047,133.69000244140625,85.91999816894531
2021-08-17,35500.01171875,48.040000915527344,38.220001220703125,154.74000549316406,46.630001068115234,82.79000091552734,68.91000366210938,72.80000305175781,134.85000610351562,85.55000305175781
2021-08-18,35310.19921875,48.0,38.060001373291016,154.0399932861328,46.77000045776367,82.44999694824219,69.12999725341797,72.83000183105469,136.6300048828125,84.7300033569336
2021-08-19,34874.671875,46.20000076293945,37.33000183105469,151.42999267578125,46.25,81.5,68.81999969482422,71.73999786376953,133.83999633789062,83.08999633789062
2021-08-20,34917.9609375,45.369998931884766,37.459999084472656,154.33999633789062,46.7599983215332,82.0,68.94999694824219,72.62999725341797,135.47000122070312,83.31999969482422
2021-08-23,35160.96875,47.0,37.880001068115234,156.14999389648438,47.13999938964844,82.83999633789062,69.87999725341797,72.7699966430664,136.8800048828125,84.25
2021-08-24,35382.71875,48.0099983215332,38.06999969482422,157.9499969482422,46.939998626708984,83.91000366210938,69.0,72.48999786376953,136.16000366210938,84.9000015258789
2021-08-25,35388.76953125,48.29999923706055,38.33000183105469,157.94000244140625,46.470001220703125,84.02999877929688,68.56999969482422,71.93000030517578,135.5500030517578,84.80000305175781
2021-08-26,35449.6796875,48.4900016784668,38.849998474121094,157.2899932861328,46.470001220703125,84.06999969482422,68.70999908447266,71.76000213623047,135.38999938964844,85.38999938964844
2021-08-27,35231.109375,48.630001068115234,38.540000915527344,156.6300048828125,46.63999938964844,83.58999633789062,68.61000061035156,71.5999984741211,135.0800018310547,85.26000213623047
2021-08-30,35471.80078125,49.5,39.02000045776367,158.47000122070312,46.869998931884766,84.69999694824219,68.5,71.80000305175781,134.50999450683594,86.30000305175781
2021-08-31,35391.37890625,48.4900016784668,38.41999816894531,159.8000030517578,47.2400016784668,85.2699966430664,68.58999633789062,72.16000366210938,135.4199981689453,85.80999755859375
2021-09-01,35387.55078125,48.349998474121094,38.43000030517578,159.41000366210938,47.75,85.76000213623047,68.7300033569336,72.31999969482422,135.32000732421875,85.5199966430664
2021-09-02,35353.05859375,48.130001068115234,38.27000045776367,159.49000549316406,48.58000183105469,86.12000274658203,69.58999633789062,72.79000091552734,135.75,85.63999938964844
2021-09-03,35401.73046875,48.79999923706055,38.2400016784668,158.5399932861328,48.58000183105469,85.33999633789062,69.86000061035156,72.69999694824219,136.55999755859375,85.8499984741211
2021-09-07,35373.23828125,48.38999938964844,38.20000076293945,159.5500030517578,48.54999923706055,85.47000122070312,69.43000030517578,72.70999908447266,136.33999633789062,85.06999969482422
2021-09-08,35087.44921875,48.599998474121094,37.75,159.3800048828125,48.0099983215332,85.5199966430664,68.52999877929688,71.9000015258789,135.77999877929688,84.55999755859375
2021-09-09,35013.078125,47.38999938964844,37.70000076293945,158.89999389648438,48.209999084472656,85.08000183105469,69.58000183105469,72.54000091552734,135.8000030517578,83.76000213623047
2021-09-10,34949.58984375,48.54999923706055,38.06999969482422,159.07000732421875,47.5,85.12999725341797,69.37000274658203,72.33000183105469,134.89999389648438,84.41999816894531
2021-09-13,34665.5,48.40999984741211,37.849998474121094,157.82000732421875,47.33000183105469,84.81999969482422,69.02999877929688,72.16000366210938,133.88999938964844,84.75
2021-09-14,34906.8984375,49.599998474121094,38.13999938964844,157.35000610351562,47.33000183105469,84.69000244140625,68.55000305175781,72.23999786376953,132.99000549316406,84.27999877929688
2021-09-15,34580.94921875,49.13999938964844,37.47999954223633,157.00999450683594,47.11000061035156,83.72000122070312,68.0,71.7300033569336,132.17999267578125,83.27999877929688
2021-09-16,34810.26953125,50.209999084472656,38.0,157.2899932861328,47.189998626708984,84.04000091552734,68.0,71.9000015258789,133.3800048828125,83.62999725341797
2021-09-17,34737.859375,49.439998626708984,37.70000076293945,157.52999877929688,47.02000045776367,83.83999633789062,67.30000305175781,71.55999755859375,132.75999450683594,82.58000183105469
2021-09-20,34459.71875,47.54999923706055,36.59000015258789,152.92999267578125,46.06999969482422,81.91999816894531,65.76000213623047,70.43000030517578,131.02999877929688,79.08000183105469
2021-09-21,34025.609375,47.79999923706055,36.779998779296875,153.30999755859375,46.459999084472656,81.87999725341797,65.97000122070312,70.41000366210938,131.75,79.91000366210938
2021-09-22,34006.87109375,48.150001525878906,36.959999084472656,153.27000427246094,46.599998474121094,80.73999786376953,65.83999633789062,70.58999633789062,131.74000549316406,79.98999786376953
2021-09-23,34296.30078125,49.08000183105469,37.470001220703125,155.3300018310547,46.779998779296875,81.30999755859375,65.55999755859375,70.43000030517578,131.8699951171875,80.6500015258789
2021-09-24,34762.30859375,50.25,37.9900016784668,155.64999389648438,46.349998474121094,81.41000366210938,65.19999694824219,70.48999786376953,132.3000030517578,80.81999969482422
2021-09-27,34739.26953125,52.02000045776367,38.560001373291016,155.38999938964844,45.869998931884766,82.01000213623047,65.02999877929688,70.51000213623047,131.60000610351562,81.27999877929688
2021-09-28,34747.69921875,53.209999084472656,38.72999954223633,153.1999969482422,44.869998931884766,81.61000061035156,64.30999755859375,70.11000061035156,129.27000427246094,81.5
2021-09-29,34360.078125,52.84000015258789,38.220001220703125,151.2100067138672,45.04999923706055,80.81999969482422,63.75,69.61000061035156,128.44000244140625,80.68000030517578
2021-09-30,34467.98046875,52.7400016784668,38.349998474121094,151.27999877929688,45.380001068115234,80.61000061035156,64.62999725341797,70.2699966430664,129.30999755859375,80.5999984741211
2021-10-01,33930.69921875,52.470001220703125,37.630001068115234,149.86000061035156,44.7400016784668,80.52999877929688,64.2699966430664,69.05000305175781,127.47000122070312,79.48999786376953
2021-10-04,34312.9609375,54.41999816894531,38.09000015258789,150.6999969482422,44.84000015258789,80.9000015258789,63.810001373291016,69.0,126.80999755859375,80.47000122070312
2021-10-05,34035.25,55.5,38.099998474121094,148.36000061035156,45.060001373291016,79.9800033569336,64.83999633789062,68.97000122070312,125.9000015258789,80.23999786376953
2021-10-06,34198.9609375,54.130001068115234,38.209999084472656,148.44000244140625,44.459999084472656,80.08000183105469,64.4000015258789,68.79000091552734,125.44000244140625,79.91000366210938
2021-10-07,34509.71875,54.599998474121094,39.0,152.4600067138672,45.29999923706055,81.72000122070312,65.72000122070312,70.16999816894531,126.77999877929688,81.2699966430664
2021-10-08,34757.5703125,55.459999084472656,38.869998931884766,153.1199951171875,45.11000061035156,81.52999877929688,65.23999786376953,70.18000030517578,127.76000213623047,81.83000183105469
